,id,first_name,last_name,email,gender
6,7,Clywd,Gallatly,cgallatly6@is.gd,Male
7,8,Arney,Sarver,asarver7@about.com,Male
17,18,Eduino,Lawn,elawnh@yellowbook.com,Male
18,19,Demetris,Lanahan,dlanahani@cnn.com,Male
21,22,Joannes,Dafydd,jdafyddl@squidoo.com,Polygender
23,24,Dilan,Tadgell,dtadgelln@reference.com,Genderfluid
25,26,Syd,Mathouse,smathousep@google.it,Male
27,28,Wallis,Kaysor,wkaysorr@buzzfeed.com,Male
32,33,Cindy,Manshaw,cmanshaww@craigslist.org,Female
33,34,Trstram,Mariot,tmariotx@merriam-webster.com,Male
38,39,Isaiah,Jager,ijager12@wikispaces.com,Male
42,43,Jonah,Pardi,jpardi16@amazon.co.uk,Male
43,44,Sherlocke,Carpenter,scarpenter17@bandcamp.com,Male
50,51,Mathe,Hanretty,mhanretty1e@ibm.com,Male
52,53,Parker,Magnay,pmagnay1g@devhub.com,Male
53,54,Mohandas,Carslake,mcarslake1h@youtu.be,Genderfluid
54,55,Sabine,Lawtie,slawtie1i@shop-pro.jp,Female
60,61,Freddy,Danter,fdanter1o@senate.gov,Male
64,65,Sharl,Gant,sgant1s@jalbum.net,Female
68,69,Piper,Panchin,ppanchin1w@bing.com,Female
69,70,Mirilla,Eadon,meadon1x@arstechnica.com,Female
70,71,Tatiana,Bartelot,tbartelot1y@com.com,Female
75,76,Junette,Gaylord,jgaylord23@wikia.com,Female
77,78,Gianna,Parade,gparade25@hatena.ne.jp,Female
78,79,Jaquenetta,Yarranton,jyarranton26@rediff.com,Female
83,84,Del,Sancho,dsancho2b@oakley.com,Female
90,91,Lilyan,Mabbs,lmabbs2i@spotify.com,Female
91,92,Meredeth,Harsum,mharsum2j@foxnews.com,Male
92,93,Sarena,Mardlin,smardlin2k@google.cn,Female
93,94,Chlo,Januszewicz,cjanuszewicz2l@dot.gov,Female
94,95,Allister,Rait,arait2m@vinaora.com,Male
106,107,Nappy,Batchan,nbatchan2y@tumblr.com,Male
111,112,Stafford,Fadell,sfadell33@meetup.com,Male
119,120,Rusty,Marchant,rmarchant3b@smugmug.com,Male
127,128,Clyve,Laight,claight3j@barnesandnoble.com,Male
128,129,Porter,Galbraeth,pgalbraeth3k@archive.org,Male
130,131,Hurleigh,Janssens,hjanssens3m@cnn.com,Genderqueer
132,133,Omar,Karpeev,okarpeev3o@reddit.com,Male
135,136,Geno,Jakubowicz,gjakubowicz3r@msu.edu,Male
138,139,Tory,Capini,tcapini3u@google.ru,Agender
145,146,Ryan,Matveyev,rmatveyev41@nps.gov,Male
146,147,Merrick,Hannabuss,mhannabuss42@intel.com,Male
148,149,Beverlee,Waye,bwaye44@creativecommons.org,Female
164,165,Cosetta,Maberley,cmaberley4k@oakley.com,Female
167,168,Paten,Carnoghan,pcarnoghan4n@delicious.com,Male
173,174,Rosabella,Batalini,rbatalini4t@dot.gov,Female
177,178,Derward,Mathissen,dmathissen4x@blogtalkradio.com,Male
182,183,Luce,Saxelby,lsaxelby52@ifeng.com,Female
183,184,Kenon,Gaspero,kgaspero53@hugedomains.com,Male
187,188,Dennie,Barnbrook,dbarnbrook57@bandcamp.com,Female
193,194,Franny,Mallard,fmallard5d@xing.com,Male
196,197,Diego,Wabb,dwabb5g@irs.gov,Male
205,206,Lorant,Wannes,lwannes5p@cnbc.com,Male
208,209,Ricki,Mattson,rmattson5s@disqus.com,Bigender
216,217,Auria,Matuszyk,amatuszyk60@ibm.com,Female
218,219,Yolane,Magrane,ymagrane62@smh.com.au,Female
219,220,Pablo,Game,pgame63@themeforest.net,Male
224,225,Byrom,Masurel,bmasurel68@house.gov,Male
227,228,Ashely,Bartolini,abartolini6b@wordpress.com,Female
228,229,Elsie,Rainville,erainville6c@g.co,Female
230,231,Stanwood,Satteford,ssatteford6e@fema.gov,Male
235,236,Lucio,Casbourne,lcasbourne6j@storify.com,Male
240,241,Lorenza,Savoury,lsavoury6o@elpais.com,Female
241,242,Frederik,Mattocks,fmattocks6p@networksolutions.com,Male
243,244,Florette,Bagott,fbagott6r@sogou.com,Female
249,250,Birdie,Paoli,bpaoli6x@newsvine.com,Female
252,253,Erv,Parffrey,eparffrey70@instagram.com,Agender
253,254,Frasquito,Markos,fmarkos71@unblog.fr,Male
256,257,Raddy,Patria,rpatria74@canalblog.com,Male
264,265,Augustina,Haining,ahaining7c@skyrock.com,Genderfluid
269,270,Gavan,Margeram,gmargeram7h@wordpress.org,Male
270,271,Elden,Lawday,elawday7i@reddit.com,Non-binary
275,276,Darren,Causton,dcauston7n@auda.org.au,Male
278,279,Jemima,Barcroft,jbarcroft7q@google.ca,Female
280,281,Trix,Saer,tsaer7s@wunderground.com,Female
292,293,Boot,Hannon,bhannon84@macromedia.com,Male
298,299,Bo,Haughan,bhaughan8a@buzzfeed.com,Male
302,303,Bobine,Pally,bpally8e@yelp.com,Female
305,306,Desmund,Saintsbury,dsaintsbury8h@merriam-webster.com,Male
308,309,Zack,Zanuciolii,zzanuciolii8k@is.gd,Male
311,312,Camilla,Harmant,charmant8n@e-recht24.de,Female
313,314,Lyndsey,Mannooch,lmannooch8p@gmpg.org,Female
317,318,Nelli,Jackson,njackson8t@google.es,Female
320,321,Roarke,Cawcutt,rcawcutt8w@wufoo.com,Male
323,324,Caesar,Barles,cbarles8z@xing.com,Male
327,328,Manon,Waistall,mwaistall93@springer.com,Female
330,331,Kaylil,Lathleiff,klathleiff96@imageshack.us,Female
333,334,Matty,Barthelet,mbarthelet99@wunderground.com,Female
336,337,Vittorio,Yanshinov,vyanshinov9c@shinystat.com,Male
340,341,Malanie,MacCostigan,mmaccostigan9g@go.com,Female
344,345,Brook,Tabourin,btabourin9k@simplemachines.org,Male
348,349,Celia,MacAskill,cmacaskill9o@patch.com,Female
352,353,Sydney,Dark,sdark9s@independent.co.uk,Male
357,358,Dorelia,Vasin,dvasin9x@blinklist.com,Female
360,361,Herve,Laborda,hlabordaa0@deliciousdays.com,Male
366,367,Mala,Sanger,msangera6@reverbnation.com,Female
376,377,Lauri,Batthew,lbatthewag@issuu.com,Female
377,378,Crawford,Hassekl,chasseklah@sciencedirect.com,Male
385,386,Buiron,Rathmell,brathmellap@cdc.gov,Male
388,389,Marita,Matyja,mmatyjaas@printfriendly.com,Non-binary
391,392,Nathanil,Wallbutton,nwallbuttonav@e-recht24.de,Male
401,402,Rebecka,Carlyon,rcarlyonb5@spiegel.de,Female
403,404,Merrile,Bamlet,mbamletb7@timesonline.co.uk,Female
406,407,Ileana,Marton,imartonba@archive.org,Female
407,408,Flss,Lambie,flambiebb@washington.edu,Female
411,412,Montague,Callan,mcallanbf@ustream.tv,Male
415,416,Shawn,Gavaghan,sgavaghanbj@diigo.com,Female
417,418,Raimundo,Marvin,rmarvinbl@godaddy.com,Male
421,422,Barb,Salvadori,bsalvadoribp@gmpg.org,Female
423,424,Mayor,Navein,mnaveinbr@mapquest.com,Male
431,432,Gerick,Haps,ghapsbz@ihg.com,Male
436,437,Lezlie,Gain,lgainc4@who.int,Female
442,443,Clarance,Vasilevich,cvasilevichca@hugedomains.com,Male
452,453,Jewell,Gantzer,jgantzerck@indiatimes.com,Female
454,455,Dietrich,Van Daalen,dvandaalencm@g.co,Male
456,457,Karim,Farnorth,kfarnorthco@drupal.org,Male
458,459,Chauncey,Vaughan,cvaughancq@google.com.hk,Male
470,471,Amble,MacLise,amaclised2@sourceforge.net,Male
479,480,Natalee,Hartill,nhartilldb@berkeley.edu,Female
499,500,Davey,Tackett,dtackettdv@cocolog-nifty.com,Male
515,516,Marline,Marques,mmarqueseb@prlog.org,Female
518,519,Rufe,Callen,rcallenee@zimbio.com,Male
523,524,Coleman,Natt,cnattej@posterous.com,Male
525,526,Charin,Hasnney,chasnneyel@engadget.com,Female
544,545,Sheelagh,Baines,sbainesf4@skype.com,Female
546,547,Kory,Daskiewicz,kdaskiewiczf6@meetup.com,Male
549,550,Twila,Cazalet,tcazaletf9@topsy.com,Female
551,552,Egbert,Canner,ecannerfb@yahoo.co.jp,Male
561,562,Theresita,Pagden,tpagdenfl@blogtalkradio.com,Female
571,572,Julian,Sauter,jsauterfv@alibaba.com,Male
572,573,Shurlock,Barkus,sbarkusfw@tinyurl.com,Male
576,577,Celle,Matterdace,cmatterdaceg0@acquirethisname.com,Female
577,578,Charmain,Hallam,challamg1@bloglines.com,Female
581,582,Jania,Cappineer,jcappineerg5@goodreads.com,Female
586,587,Merv,Pavic,mpavicga@netscape.com,Male
589,590,Devin,Carn,dcarngd@fastcompany.com,Female
595,596,Stinky,Callicott,scallicottgj@bluehost.com,Male
598,599,Phillida,Canedo,pcanedogm@g.co,Female
601,602,Serene,Garron,sgarrongp@alexa.com,Female
605,606,Weylin,Jablonski,wjablonskigt@privacy.gov.au,Male
607,608,Sigismund,Harnetty,sharnettygv@google.com.hk,Male
615,616,Sam,Ramiro,sramiroh3@issuu.com,Female
616,617,Lisa,Carrigan,lcarriganh4@github.io,Female
618,619,Bendite,Raxworthy,braxworthyh6@state.tx.us,Female
624,625,Josy,Vautier,jvautierhc@ifeng.com,Female
625,626,Innis,Batalle,ibatallehd@opensource.org,Male
628,629,Parry,Mailes,pmaileshg@imgur.com,Male
632,633,Eberhard,Hallward,ehallwardhk@independent.co.uk,Male
635,636,Dael,MacCallester,dmaccallesterhn@virginia.edu,Female
637,638,Tiffani,Marzellano,tmarzellanohp@howstuffworks.com,Female
638,639,Sheila-kathryn,Garrattley,sgarrattleyhq@bbc.co.uk,Female
643,644,Ross,Taylder,rtaylderhv@ebay.com,Male
646,647,Gabriello,Fandrey,gfandreyhy@ucoz.com,Male
647,648,Daron,Lavalde,dlavaldehz@cocolog-nifty.com,Male
658,659,Krisha,MacGregor,kmacgregoria@imgur.com,Male
666,667,Gabe,Parlet,gparletii@omniture.com,Male
667,668,Shellysheldon,Causbey,scausbeyij@netvibes.com,Male
680,681,Boote,Wasteney,bwasteneyiw@china.com.cn,Male
682,683,Gayle,Vasyagin,gvasyaginiy@google.cn,Female
683,684,Zebedee,Randleson,zrandlesoniz@census.gov,Male
686,687,Rowan,Hamsher,rhamsherj2@ustream.tv,Male
701,702,Goddard,Vasilchenko,gvasilchenkojh@vinaora.com,Male
702,703,Anthony,MacNeilly,amacneillyji@sciencedaily.com,Male
703,704,Wallas,Mayers,wmayersjj@amazon.de,Male
706,707,Danyelle,Way,dwayjm@state.gov,Female
715,716,Lewes,Dartan,ldartanjv@mozilla.com,Male
718,719,Mason,Hawkridge,mhawkridgejy@deviantart.com,Male
725,726,Dennie,Caustic,dcaustick5@artisteer.com,Male
730,731,Kippy,Farfolomeev,kfarfolomeevka@nydailynews.com,Polygender
731,732,Norrie,Damrel,ndamrelkb@freewebs.com,Male
736,737,Charmane,Bader,cbaderkg@npr.org,Female
760,761,Scarlet,Varlow,svarlowl4@1688.com,Female
761,762,Gerry,Haythorn,ghaythornl5@clickbank.net,Female
770,771,Star,Malam,smalamle@zimbio.com,Female
772,773,Renelle,Hankard,rhankardlg@vk.com,Female
776,777,Loraine,MacAndreis,lmacandreislk@apache.org,Female
778,779,Paulette,Lambdon,plambdonlm@ovh.net,Female
780,781,Georgianne,Capsey,gcapseylo@soundcloud.com,Female
785,786,Ethe,Manlow,emanlowlt@yahoo.co.jp,Male
789,790,Walliw,Jakobssen,wjakobssenlx@indiatimes.com,Female
790,791,Cristi,Samwell,csamwellly@apple.com,Female
795,796,Worthy,Jacqueminot,wjacqueminotm3@yale.edu,Male
799,800,Perry,Rash,prashm7@hao123.com,Male
800,801,Windham,MacGaughy,wmacgaughym8@istockphoto.com,Male
811,812,Jude,Marjanovic,jmarjanovicmj@who.int,Male
813,814,Codi,Hansley,chansleyml@intel.com,Male
822,823,Cinderella,MacKill,cmackillmu@shop-pro.jp,Female
827,828,Lockwood,Pallister,lpallistermz@zdnet.com,Male
831,832,Jaye,Dainter,jdaintern3@gov.uk,Male
834,835,Milty,Casier,mcasiern6@addthis.com,Male
836,837,Daisy,Lacroux,dlacrouxn8@nature.com,Female
837,838,Kevyn,Earles,kearlesn9@php.net,Female
838,839,Silvan,Malter,smalterna@cafepress.com,Male
841,842,Alidia,Falk,afalknd@nature.com,Female
843,844,Tan,Dawidman,tdawidmannf@narod.ru,Male
845,846,Hilda,Fardon,hfardonnh@youku.com,Female
848,849,Darius,Maryott,dmaryottnk@dagondesign.com,Male
851,852,Mia,Hallin,mhallinnn@amazon.co.jp,Female
852,853,Dolly,Yanshin,dyanshinno@ifeng.com,Non-binary
858,859,Wilbur,Marfield,wmarfieldnu@devhub.com,Male
860,861,Wenona,Camillo,wcamillonw@unblog.fr,Non-binary
867,868,Codie,Fawthorpe,cfawthorpeo3@goo.gl,Female
868,869,Manya,Malimoe,mmalimoeo4@netvibes.com,Female
871,872,Olin,Martini,omartinio7@mysql.com,Male
877,878,Baryram,Pawlaczyk,bpawlaczykod@histats.com,Male
881,882,Brena,Havelin,bhavelinoh@rakuten.co.jp,Female
884,885,Astra,Tapenden,atapendenok@paginegialle.it,Female
885,886,Cindie,Cawsey,ccawseyol@wsj.com,Female
887,888,Aurore,Baggallay,abaggallayon@umn.edu,Female
888,889,Fidelity,Kassman,fkassmanoo@nps.gov,Female
903,904,Rowney,Falloon,rfalloonp3@surveymonkey.com,Male
904,905,Des,MacNamara,dmacnamarap4@skyrock.com,Male
906,907,Merrielle,Earp,mearpp6@blogspot.com,Genderfluid
912,913,Ward,Rallin,wrallinpc@skyrock.com,Male
916,917,Jenny,Marlin,jmarlinpg@google.pl,Female
923,924,Lesly,Cassella,lcassellapn@istockphoto.com,Female
925,926,Donielle,Hacking,dhackingpp@jigsy.com,Female
929,930,Tamiko,Malthouse,tmalthousept@mashable.com,Female
932,933,Lazaro,Gammill,lgammillpw@jugem.jp,Male
936,937,Lexis,Barbier,lbarbierq0@soundcloud.com,Genderfluid
937,938,Kris,Ravenhill,kravenhillq1@amazon.de,Male
941,942,Nancey,Lathan,nlathanq5@utexas.edu,Female
943,944,Ava,Paulisch,apaulischq7@photobucket.com,Female
945,946,Lyon,Hazelgreave,lhazelgreaveq9@opensource.org,Male
951,952,Garrot,Sawyer,gsawyerqf@desdev.cn,Male
956,957,Franciskus,Kalinsky,fkalinskyqk@dell.com,Male
959,960,Marshall,Larive,mlariveqn@amazon.de,Male
963,964,Norene,Lakin,nlakinqr@mozilla.com,Female
971,972,Terrie,Valerius,tvaleriusqz@irs.gov,Female
973,974,Muffin,Kauschke,mkauschker1@icio.us,Male
976,977,Candide,Eaden,ceadenr4@oracle.com,Female
977,978,Elonore,Male,emaler5@cloudflare.com,Female
988,989,Christie,Hawtry,chawtryrg@youku.com,Female
995,996,Abram,Pauley,apauleyrn@wix.com,Genderqueer
998,999,Fay,Balducci,fbalduccirq@photobucket.com,Female
