폰모델 제목,가격,등록시간,내용
S21Ultra  [팬텀블랙]  53829  (S급),"650,000",2일 전,"no.53829○등급 : S급○용량 : 256GB○색상 : 팬텀블랙○최초통신사 : KT○최초통화일 : 21.01.26°°°°°°°°°°°°°°°°°°°°°°°°°°°°°°°°°°°°°°°°°°°°°°°°°°°°°°°°°°°°°°°°°°°°°°°°●제품설명●갤럭시S21Ultra 모델 이예요기기상태는 사진과 동일해요외관 약간의 사용감정도만 존재하구요전체적으로 깨끗한 ""S급"" 상태예요SKT / KT / LGU+ 상관없이 모든 통신사 사용 가능해요5G, 4G 유심, 알뜰유심,선불유심 전부 사용 가능해요25% 선택약정 요금할인 가능한 기기예요°°°°°°°°°°°°°°°°°°°°°°°°°°°°°°°°°°°°°°°°°°°°°°°°°°°°°°°°°°°°°°°°°°°°°°°°●제품실사만 촬영후 업로드●모든 제품 입고후 세척후 보관●믿을수 있는 오프라인 매장 운영 전문 상점●상담시간 오전10시~새벽3시°°°°°°°°°°°°°°°°°°°°°°°°°°°°°°°°°°°°°°°°°°°°°°°°°°°°°°°°°°°°°°°°°°°°°°°°■인증 포토 후기 작성시 사은품 증정■[필름,케이스,그립톡,유심핀,벌크충전기]■직거래 홍대입구역 2번출구 매장■택배가능 지방 버스퀵 가능●●당근폰의 다른 상품 둘러보기●●http://shop.bunjang.co.kr/dgphone"
갤럭시노트10 256기가,"210,000",1시간 전,"제품정보( SK / KT / LG / 알뜰폰 모두 유심만 꽂아서 사용가능 합니다)가격 : 21만원제품설명화면에 생활기스 있어서 저렴하게 판매합니다잔상없습니다2주안에 기기문제있을시 교환,환불가능합니다그 이후로는 불가능합니다고객님의  부주의로 인한  불량  파손  침수불량 으로인한  교환 및 환불요청시  불가 합니다택배거래,직거래 가능합니다직거래는 수원역입니다"
갤럭시 s5,"40,000",1시간 전,갤럭시 s5( 삼성)입니다초기화하였고.정상적으로 해지한 단말기 입니다.구성품1.단말기 본체2.배터리 2개3.케이스 1개( TPU 재질) 충전기 는 필요하다고 요청하면 드립니다.직거래 우선입니다.댓글은 답변하지 않으니 번톡으로 문의주세요
(센터판)갤럭시A32 A32 64기가 리퍼폰!! 0705-13,"180,000",1시간 전,"■중고폰 다량보유!! 찾으시는 제품있으시면 편하게 문의주세요^^■■제품정보■​모든제품 기능검사 철저하게 진행하고있습니다.​최저가로 최상의 제품을 모시겠습니다.​*기기명: 갤럭시A32 64기가*제품번호: 0705-13*색상: 블랙*최초통신사: LG*3사호환가능  (LG/ KT/ SK/알뜰폰,선불폰 가능■제품상태■*삼성센터에서 액정+배터리+테두리+보드 교체한 제품*액정 매우 깨끗하며 뒷면미세기스외엔 전체적으로 깨끗합니다.*잔상 없습니다.​*구성품: 휴대폰단품, 액정필름, 투명젤리케이스, 무료배송                   *재고없을시 단품발송.​■제품설명■*유심 꽂으면 바로 사용가능​*25프로 선택약정 가능*구입후 7일이내 기능 이상시 교환,환불가능합니다(단순변심,고객과실 제외)■거래방식■​*택배 또는 직거래(경기도 광주 매장방문->율동공원 5분거리)​*택배이용시 택배비 무료​* 오후 4시까지 결제시 당일발송!!■업체 정보및 연락처■*주소지:경기도 광주시 오포읍 능평로 47  호박마켓* 0.1.0.4.9.7.9.4.4 8.8으로 연락 주세요^^"
갤럭시 S22+ 256g 블랙 SKT 판매합니다,"750,000",1시간 전,갤럭시 S22+ 256g 블랙 SKT 판매합니다.액정에는 기스가 없도 뒷면 하단부에 기스랑 찍힘있습니다기능에는 문제가 하나도없습니다. 최초 통화일은 22년 03월 11일 입니다. 통신사는 SKT입니다.구성품은 없구 박스는 드립니다. 뒤에 기스 보기불편할까봐 케이스도 같이드립니다.사진으로만 보지마시고 직거래로 해서 눈으로 확인후 사시는걸 추천합니다.
#한정판매# 갤럭시S21플러스 256GB 블랙 중고폰공기계 [65800],"465,000",22시간 전,"✔구매 전 10000 개가 넘는 실제 구매후기를 확인해주세요. ✔번개장터 최초 무상 제품 보증 100일 보장해드립니다.✔매달 진행하는 이벤트를 꼭 확인해주세요. ★ 번개장터 구매고객 특별이벤트 ★🔴구입후 중고폰 100일 제품 보증🔴최고급 사은품 무료 증정🔴구매 전 실제 구매후기를 확인해주세요(번개장터 고객만족도 1위!)🔴출고전 전문엔지니어가 중고폰의 10개 주요항목 정밀 검수후 출고!🔴코로나 시대 소독 세척 실시!           💟한정 후기 이벤트💟💟최고급 10종 사은품 증정  이벤트   💟                  [최고급케이스+최고급유리필름+충전기+유심핀+그립톡+무선충전패드+카드수납포켓+키링+제품 보증100일+무료배송)]♨대량구매 문의 대환영♨[제품정보]용량: 256GB색상: 블랙제품등급: A급최초 통화일:위 사진상태: 상세사진 참고⚠️통신사 : SKT/KT/LGU+3사 유심변경가능(사용하던 유심 바로 꽂아 사용가능)⚠️확정기변/25%약정할인가능(알뜰유심,선불유심 전부사용가능) 문의주세용!!🔻 거래방법 🔻⚡ 택배거래  가능  ⚡⚡ 퀵 서비스 가능  ⚡⚡ 직거래      가능  ⚡📦 택배거래 📦당사는 로젠택배를 통하여매일 PM 19:00 배송 나갑니다 18:00 시전으로 구매확정 하시면 당일배송출발택배비 지원해드립니다📦번개페이📦번개장터 번개페이 결제시※ 반드시 판매자 사전 협의 이후 결제 부탁 드립니다 ※📞 직거래 📞직거래위치는 강남구청역 입니다 매장방문은 2번출구 바로 뒷편 건물 10층지번주소: 강남구 논현동 241-7 10층★ 직거래 구매시 매장 방문 시간은 ★  평일:오전 11:00시부터~오후7시30분 💟💟13:00~14:30 점심시간입니다. [해당시간만 피해주세요!]💟💟                  ⚠️ 필독사항 ⚠️✔️ 상담주실때 캡쳐/사진 주시면 빠른상담가능✔️ 기능상 문제가 아닌, 단순변심으로는       교환&환불 절대 불가합니다.✔️ 정품만을 취급하며 정품아닐시 100% 환불 해드립니다✔️ 무상 A/S는 액정파손/배터리/침수/본인과실은 불가합니다     ✔️ 분실/도난은 절대 판매 및 취급 하지 않습니다★ ★ ★ ★ 사용하시던 중고핸드폰 번개장터 최고가격으로 매입해드립니다 ★ ★ ★ ★"
LG V50S 듀얼포함 256GB 판매합니다,"240,000",1시간 전,"- 모델명 : V50S 듀얼포함- 용량(기가수) : 256- 색상 : 블랙#통신호환 : SKT , KT , LG U+ , 선불폰 , 알뜰폰 모든 유심 가능합니다 (20%선택약정할인 및 확정기변가능) #정상해지여부 : O#거래방식 : 직거래/택배거래/퀵거래#직거래가능지역 : 서울강서,양천구/부천전지역/인천계양,부평●터치,카메라,소리,기능 점검 완료 이상 없습니다!●중고 휴대폰 특성상 미세한 실기스는 있을수 있습니다 새폰같은 중고폰이지 새폰 아닙니다●구성품은 기기단품 입니다●택배거래는 CJ대한통운과 우체국택배로 오후5시30까지 입금해주시면 당일 수거전 발송되어 제주도외 전국 어디든지 다음날 수령 가능하십니다~"
당일발송 사은품8종 갤럭시s10 중고폰 등급별 최저가 판매!,"209,000",1시간 전,"안녕하세요 WING MOBILE입니다!오프라인 중고폰 전문 업체 운영중 믿고 거래하세요!한국어 상담/中文谘询/ENG OK!!전문 엔지니어팀이 외관&기능 정밀 검수 후 출고!••••••••••••구매 후기 이벤트 진행중••••••••••••구매 후기 작성시 사은품 8종 무료 증정!젤리케이스+보호필름+충전기+유심핀세트+그립톡+마스크+세정티슈+무료배송(한정수량으로 제공되며 조기 소진될 수 있습니다. 이벤트에 참여시 문의해주세요!) ••••••••••••거래 방법••••••••••••직거래: 동대문역사문화공원역 5번출구 도보 3분입니다!!주소: 서울 중구 마른내로 155 광희동금호트윈오피스텔 2동 901호 (방문전 연락주세요!) 평일: 오후 1시 ~ 오후 9시(주말/공휴일은 휴무입니다!)택배거래: 택배사: 로젠택배 평일 오후 4시 이전 주문시 당일 발송 가능 퀵거래: 접수 가능, 퀵요금 고객 부담!••••••••••••갤럭시 s10••••••••••••SS급 :  289,000원 S급 :  269,000원 A급 : 249,000원 B급 : 209,000원••••••••••••상품 상세 정보••••••••••••상품명: 갤럭시 s10용량: 128GB색상:프리즘블랙,프리즘화이트,프리즘그린,플라밍고핑크구성 : 휴대폰통신사 : SKT/KT/LGU+3사 유심변경가능 (사용하던 유심 바로 꽂아 사용가능)25%약정할인가능 ••••••••••••상품 등급 안내••••••••••••SS급: 사용감이 거의 없는 새폰 같은 상품! S급: 전체적으로 아주 깨끗한 상품! A급: 외관 사용감 다소 있지만 가장 많이 선호하는 등급!!B급: 외관 사용감 많고 강한 잔상이 있는 상품, 가성비짱!C급: 기능이상은 없으나 액정/LCD 파손이 있는 상품 배달/업무/게임폰 추천!!••••••••••••필독사항••••••••••••* 전문 엔지니어팀이 외관&기능 정밀 검수 후 출고!* 문의하실 때 상품번호를 알려주시면 신속한 상담 가능!* 구매일로부터 7일 이내 기능 이상이 발생 시 교환 또는 환불 가능(고객 과실에 의한 부분 제외)* 단순변심으로 인한 교환/환불 불가합니다!* 분실/도난 핸드폰은 판매하지 않습니다!* 사용하시던 중고폰 최고가로 매입해드립니다!••••••••••••연락 방법••••••••••••채팅 또는 전화/문자 상담 가능합니다!전화번호 : 01o 9976 4926궁금하신 사항이 있으시면 언제든지 연락주세요!"
[선약가능] 아이폰12미니 자급제 풀박스 64GB 블랙,"599,000",1시간 전,"상세 설명• 실사 1년 넘음• 배터리 효율 91%• 제한 보증 만료• 정품 박스 USB-C-라이트닝 케이블 전품목 보유• 25% 요금할인(선택약정) 가입 가능 단말기• 후면유리 약간의 생활기스 외 사설수리x 파손x• 기기 구입 후 바로 유심칩 꽂아서 사용 가능📦 수도권 택배는 무료배송 📦입금 완료 후, 교환 환불x구매의사 있는 분들만 번톡 주십쇼교신 네고는 절대 안 하니 번톡 오는 순간 차단합니다"
갤럭시노트10+플러스 256GB 8196,"250,000",1시간 전,"기기명 / 용량 / 색상 : 갤럭시노트10+플러스 256GB 글로우통신사: KT 최초통화일 : 2019.08제품상태 : 공기계, 선택약정 가능제품설명 : 액정과 뒷면 파손없고 앞면에 기스가 있습니다.약간의 잔상있고 화면에 미세한점 있으나 사용시 지장없으며 검은 점은 시간이 지나도 크기변화 없습니다. 모든 기능 테스트를 마쳤으며  정상작동 합니다.LTE 요금제 사용하시면 그대로 쓸 수 있고,타통신사 및 알뜰유심 장착하면 사용 할 수 있습니다.☆상품문의 O1O-8061-8026◎모든 제품은 구매시 소독하여 발송합니다◎거래방식직거래:인천 주안역택배거래:평일 16:00이전 입금확인시 당일발송"
당일발송# 아이폰6S 16G/32G/64G 등급별 중고폰 공기계,"115,000",2주 전,"✔구매 전 10000 개가 넘는 실제 구매후기를 확인해주세요. ✔[쿠팡/네이버/옥션/G마켓/위메프/티몬]등✔번개장터 최초 무상 제품 보증 100일 보장해드립니다.✔매달 진행하는 이벤트를 꼭 확인해주세요. ★ 번개장터 구매고객 특별이벤트 ★🔴구입후 중고폰 100일 제품 보증🔴최고급 사은품 무료 증정🔴구매 전 실제 구매후기를 확인해주세요(번개장터 고객만족도 1위!)🔴출고전 전문엔지니어가 중고폰의 10개 주요항목 정밀 검수후 출고!🔴코로나 시대 소독 세척 실시!           💟5월 1일~ 5~31일 한정 후기 이벤트💟💟최고급 10종 사은품 증정  이벤트   💟                  [최고급케이스+최고급유리필름+충전기+유심핀+그립톡+무선충전패드+카드수납포켓+키링+제품 보증100일+무료배송)]💟💟  아이폰 6S  💟💟⭕️SS급 : 16G - 13.2만원                 32G - 14.3만원                 64G - 14.9만원 [미세한 생활기스만 있는 새폰 컨디션!]⭕️S급 : 16G - 11.9만원               32G - 13.2만원               64G - 13.8만원[SS급 컨디션에서 미세 사용감 있음!]⭕️A급 : 16G - 11.5만원               32G - 12.7만원               64G - 13.2만원[사용감있지만 기능&가성비 최고!]⭕️ B급 :  16G - 재고없음                32G - 재고없음                64G - 재고없음[ 전체적인 중고감 & 액정에 잔상및 기스가 있는 제품]🔎 상품상세 🔎•색상 : 로즈골드,스페이스그레이,실버,골드•기가수 :  16G/64G•구성 : 휴대폰•통신사 : SKT/KT/LGU+3사 유심변경가능(사용하던 유심 바로 꽂아 사용가능)•정상해지/확정기변/25%약정할인가능 🔻 거래방법 🔻⚡ 택배거래  가능  ⚡⚡ 퀵 서비스 가능  ⚡⚡ 직거래      가능  ⚡📦 택배거래 📦당사는 로젠택배를 통하여매일 PM 19:00 배송 나갑니다 18:00 시전으로 구매확정 하시면 당일배송출발택배비 지원해드립니다~📞 직거래 📞직거래위치는 강남구청역 입니다 매장방문은 2번출구 바로 뒷편 건물 10층지번주소: 강남구 논현동 241-7 10층(방문전📞)★ 직거래 구매시 매장 방문 시간은 ★     평일:오전 11:00시부터~오후9시      주말:오후 13:00시부터~오후8시                    ⚠️ 필독사항 ⚠️✔️ 상담주실때 캡쳐/사진 주시면 빠른상담가능✔️ 기능상 문제가 아닌, 단순변심으로는       교환&환불 절대 불가합니다.✔️ 정품만을 취급하며 정품아닐시 100% 환불 해드립니다✔️ 무상 A/S는 액정파손/배터리/침수/본인과실은 불가합니다     ✔️ 분실/도난은 절대 판매 및 취급 하지 않습니다★ ★ ★ ★ 사용하시던 중고핸드폰 번개장터 최고가격으로 매입해드립니다 ★ ★ ★ ★"
갤럭시S20울트라 G988 256기가 블랙 인천 서구 중고폰,"340,000",1시간 전,"1.제품정보-기기명: 갤럭시S20울트라 SM-G988L​-색상: 블랙 (63970)-최초 개통 통신사: LG (SK/KT/LG/알뜰폰/선불폰 호환가능)-최초 개통일: 20년 4월-구성품:기기단품+필름+케이스​2.제품설명외관상태는 테두리,뒷면 사용감있고 유리쪽은 깨긋합니다.액정화면은 크게 티나지 않는 약한 잔상 조금 있습니다.모든 기능 정상입니다.​3.거래방식직거래(인천 서구 석남동 청라 중고폰)/택배(우체국택배:4천원) 가능합니다.​4.매장위치인천 서구 가정로177 (석남동581-14) 1층 휴대폰할인매장"
갤럭시와이드5 E426 128기가 블랙 인천 서구 중고폰,"170,000",1시간 전,1.제품정보-기기명: 갤럭시와이드5 SM-E426S 128기가​-색상: 블랙 (46810)-최초 개통 통신사: SK (SK/KT/LG/알뜰폰/선불폰 호환가능)-최초 개통일: 22년 3월-제품상태: 사용감있음-구성품:기기단품+필름+케이스​2.제품설명외관상태는 테두리와 뒷면 사용감외 전체적으로 깨긋합니다.액정화면은 새액정 교체로 상태좋습니다.모든 기능 정상입니다.​3.거래방식직거래(인천 서구 청라)/택배(우체국택배:4천원) 가능합니다.​4.매장위치인천 서구 가정로177 (석남동581-14) 1층 휴대폰할인매장
노트10플러스 N976 256기가 아우라글로우 인천 서구 중고폰,"320,000",1시간 전,1.제품정보-기기명: 노트10플러스 SM-N976S​-색상: 아우라글로우 (16706)-최초 개통 통신사: SK (SK/KT/LG/알뜰폰/선불폰 호환가능)-제품상태: 사용감있음-구성품:기기단품+필름+케이스​2.제품설명외관상태는 테두리 약한 사용감외 전체적으로 깨긋합니다.액정화면은 잔상없고 화면 이상없습니다.모든 기능 정상입니다.​3.거래방식직거래(인천 서구 석남동)/택배(우체국택배:4천원) 가능합니다.​4.매장위치인천 서구 가정로177 (석남동581-14) 1층 휴대폰할인매장
갤럭시S20 A급 G981 128기가 그레이 인천 서구 중고폰,"290,000",1시간 전,"1.제품정보-기기명: 갤럭시S20 SM-G981L 128기가​-색상: 그레이 (91872)-최초 개통 통신사: LG (SK/KT/LG/알뜰폰/선불폰 호환가능)-최초 개통일: 20년 8월-제품상태: A-급-구성품:기기단품+필름+케이스​2.제품설명외관상태는 테두리,뒷면 미세한 생활잔기스 외 전체적인 상태 깨끗합니다.액정화면은 잔상없고 화면 깨끗합니다.그외 모든 기능 정상입니다.​3.거래방식직거래(인천 서구 중고폰)/택배(우체국택배:4천원) 가능합니다.​4.매장위치인천 서구 가정로 177 (석남동 581-14) 1층 휴대폰할인매장"
#대량판매# 갤럭시S21플러스 256G 등급별 중고폰 공기계!,"435,000",2주 전,"✔구매 전 10000 개가 넘는 실제 구매후기를 확인해주세요. ✔[쿠팡/네이버/옥션/G마켓/위메프/티몬]등✔번개장터 최초 무상 제품 보증 100일 보장해드립니다.✔매달 진행하는 이벤트를 꼭 확인해주세요. ★ 번개장터 구매고객 특별이벤트 ★🔴구입후 중고폰 100일 제품 보증🔴최고급 사은품 무료 증정🔴구매 전 실제 구매후기를 확인해주세요(번개장터 고객만족도 1위!)🔴출고전 전문엔지니어가 중고폰의 10개 주요항목 정밀 검수후 출고!🔴코로나 시대 소독 세척 실시!💟후기 이벤트[후기작성을 약속해 주세용!!]💟💟최고급 10종 사은품 증정  이벤트   💟                  [최고급케이스+최고급유리필름+충전기+유심핀+그립톡+무선충전패드+카드수납포켓+키링+제품 보증100일+무료배송)]💟💟   갤럭시 S21 플러스   💟💟⭕️SS급 : 256G - 50.5만원[새 폰 처럼 보이는 MAGIC!]⭕️S급 : 256G -  48.5만원[완전깨끗한S급!]⭕️A급 : 256G - 43.5만원[사용감있지만 기능&가성비 최고!]⭕️B급 : 256G -  당분간없음[ 전체적인 중고감 & 액정에 잔상및 기스가 있는 제품]🔎 상품상세 🔎•색상 : 실버,핑크,바이올렛•기가수 :  256G•구성 : 휴대폰•통신사 : SKT/KT/LGU+3사 유심변경가능(사용하던 유심 바로 꽂아 사용가능)•알뜰폰[유심만 변경하면 바로 사용 가능]🔻 거래방법 🔻⚡ 택배거래  가능  ⚡⚡ 퀵 서비스 가능  ⚡⚡ 직거래      가능  ⚡📦 택배거래 📦당사는 로젠택배를 통하여매일 PM 19:00 배송 나갑니다 18:00 시전으로 구매확정 하시면 당일배송출발택배비 지원해드립니다~📞 직거래 📞직거래위치는 강남구청역 입니다 매장방문은 2번출구 바로 뒷편 건물 10층지번주소: 강남구 논현동 241-7 10층(방문전📞)★ 직거래 구매시 매장 방문 시간은 ★     평일:오전 11:00시부터~오후9시      주말:오후 13:00시부터~오후8시                    ⚠️ 필독사항 ⚠️✔️ 상담주실때 캡쳐/사진 주시면 빠른상담가능✔️ 기능상 문제가 아닌, 단순변심으로는       교환&환불 절대 불가합니다.✔️ 정품만을 취급하며 정품아닐시 100% 환불 해드립니다✔️ 무상 A/S는 액정파손/배터리/침수/본인과실은 불가합니다     ✔️ 분실/도난은 절대 판매 및 취급 하지 않습니다★ ★ ★ ★ 사용하시던 중고핸드폰 번개장터 최고가격으로 매입해드립니다 ★ ★ ★ ★"
(새상품) 아이폰13 프로맥스 128기가 미개봉 알파인그린,"1,360,000",1시간 전,새상품 미개봉 아이폰 13 프로맥스 128기가 알파인그린입니다.현재 아이폰 13프로 사용중이라 판매해요목포시 석현동 직거래 혹은 택배거래 해요제조년 22년 6월 신상입니다!
아이폰 13프로 골드 128 미개봉 판매합니다,"1,150,000",1시간 전,미개봉입니다 연락주세요
갤럭시노트10플러스 512,"350,000",1시간 전,노트10플러스 512 팔아요.12기가 넘사벽 메모리넓은 화면아름다운 아우라글로우 직접 보시구 가셔가시면 제일 좋습니다. 생활기스 정도 있구요 나머지다 정상 작동 됩니다. 대구 직거래 환영합니다
갤럭시A31 A315 64기가 블랙 인천 서구 중고폰,"110,000",1시간 전,1.제품정보-기기명: 갤럭시A31 SM-A315L 64기가​-색상 : 블랙 (38942)-최초개통일: 20년 7월-구성품: 기기단품+필름+케이스​2.제품설명외관상태는 약한 사용감외 전체적으로 찍힘없이 깨긋합니다.액정화면도 잔상없고 화면 깨끗합니다.그 외에 모든 기능 정상입니다.​3.거래방식직거래(인천 서구 석남동 청라 중고폰)/택배(우체국택배:4천원) 가능합니다.​4.매장위치인천 서구 가정로177 (석남동581-14) 1층 휴대폰할인매장
#한정판매# 아이폰11프로 256GB 그린 S급 중고폰 공기계 69083,"605,000",2일 전,"✔구매 전 10000 개가 넘는 실제 구매후기를 확인해주세요. ✔번개장터 최초 무상 제품 보증 100일 보장해드립니다.✔매달 진행하는 이벤트를 꼭 확인해주세요. ★ 번개장터 구매고객 특별이벤트 ★🔴구입후 중고폰 100일 제품 보증🔴최고급 사은품 무료 증정🔴구매 전 실제 구매후기를 확인해주세요(번개장터 고객만족도 1위!)🔴출고전 전문엔지니어가 중고폰의 10개 주요항목 정밀 검수후 출고!🔴코로나 시대 소독 세척 실시!           💟한정 후기 이벤트💟💟최고급 10종 사은품 증정  이벤트   💟                  [최고급케이스+최고급유리필름+충전기+유심핀+그립톡+무선충전패드+카드수납포켓+키링+제품 보증100일+무료배송)]♨대량구매 문의 대환영♨용량: 256GB색상:그린제품등급:S급최초통화일: 위 사진상태: 사진 그대로 판매중입니다! ⚠️통신사 : SKT/KT/LGU+3사 유심변경가능 / 알뜰폰 유심 사용가능!(사용하던 유심 바로 꽂아 사용가능)🔻 거래방법 🔻⚡ 택배거래  가능  ⚡⚡ 퀵 서비스 가능  ⚡⚡ 직거래      가능  ⚡📦 택배거래 📦당사는 로젠택배를 통하여매일 PM 19:00 배송 나갑니다 18:00 시전으로 구매확정 하시면 당일배송출발택배비 지원해드립니다📦번개페이📦번개장터 번개페이 결제시※ 반드시 판매자 사전 협의 이후 결제 부탁 드립니다 ※📞 직거래 📞직거래위치는 강남구청역 입니다 매장방문은 2번출구 바로 뒷편 건물 10층지번주소: 강남구 논현동 241-7 10층(방문전??)★ 직거래 구매시 매장 방문 시간은 ★  평일:오전 11:00시부터~오후7시30분 💟💟13:00~14:30 점심시간입니다. [해당시간만 피해주세요!]💟💟                  ⚠️ 필독사항 ⚠️✔️ 상담주실때 캡쳐/사진 주시면 빠른상담가능✔️ 기능상 문제가 아닌, 단순변심으로는       교환&환불 절대 불가합니다.✔️ 정품만을 취급하며 정품아닐시 100% 환불 해드립니다✔️ 무상 A/S는 액정파손/배터리/침수/본인과실은 불가합니다     ✔️ 분실/도난은 절대 판매 및 취급 하지 않습니다★ ★ ★ ★ 사용하시던 중고핸드폰 번개장터 최고가격으로 매입해드립니다 ★ ★ ★ ★"
[최저가] 삼성 갤럭시 S9 플러스 SM-G965N 256기가,"190,000",1시간 전,"삼성 갤럭시 S9 플러스 입니다내장 메모리 256기가 입니다 SK 향 입니다3사 유심 호환 가능 합니다스크레치 아주 약간 있는 정도 이고 화면 번인 아주 약간 있습니다 살균, 소독 완료 된 상품 입니다 모든 기능 정상 입니다추가 구성품 없이 단품 입니다유심 넣으면 바로 사용 가능 합니다 믿고 구매 하셔도 됩니다!!중고폰 특성 상 사용감, 제품 스펙, 배터리 성능, 변심 으로 인한 환불 불가 입니다부산 사상구 덕포동 신라대 근처 직 거래 또는 택배 거래 가능하며 택배비는 착불 또는 3000원 추가 입니다편의점 택배를 이용하기 때문에 택배비는 저렴 합니다 톡 주시거나 olo 2852 o668로 전화 말고 문자 연락 주세요^^"
82629 아이폰7 블랙 32GB 배터리100% 12만원 울산중고폰 애플,"120,000",1시간 전,"​<울산 중고폰 최저가 판매>중고나라 제휴파트너 울산 중고폰언니 삼산점 입니다.​제품정보모델명/색상/용량 : 아이폰7 블랙 32GB​( SK / KT / LG / 알뜰폰 모두 유심만 꽂으시면 사용가능)​가격 : 12만원.(계좌이체 특별가격)​​제품설명바디테두리 미세한흠집/전면생활감 외에 다른 큰 흠집없이깨끗한 기기이며, 잔상이나 기능하자 일체없이모든기능 정상으로 작동하는 컨디션 매우 좋은 기기입니다^^.(배터리 성능 : 100%)​상품 번호 : 82629( 문의 주실때 말씀주시면 더욱 빠른 응대가 가능합니다.) ​선택약정 : 지금 받고 계시면 유심 변경시 그대로 적용 가능​​거래방식울산 남구 삼산동 직거래 가능합니다.직거래 주소 : 울산 남구 화합로 175, 1층 중고폰 언니.(업스퀘어 부근)전지역 택배 , 퀵, 탁송 거래 가능합니다.(퀵.탁송비 거리에 따라 별도 ,택배비 3000원 별도 입니다.)평일 오후5시 전, 토요일 오후2시 전에 입금해주시면, 꼼꼼하게 에어캡으로 포장하여로젠 택배로 발송하며, 당일 출고 합니다^^!​​매장 정보주소 : 울산 남구 화합로175, 1층 중고나라 남구점(중고폰 언니)"
갤럭시S20플러스 G986 256기가 클라우드블루 인천 서구 중고폰,"290,000",1시간 전,1.제품정보-기기명: 갤럭시S20플러스 SM-G986S​-색상: 클라우드블루 (86693)-최초 개통 통신사: SK (SK/KT/LG/알뜰폰/선불폰 호환가능)-최초 개통일: 20년 4 월-구성품:기기단품+필름+케이스​2.제품설명외관상태는 유리쪽 약간의 잔기스외 전체적으로 깨긋합니다.액정화면은 별잘 보이지 않는 미세한 잔상 조금 있습니다.모든 기능 정상입니다.​3.거래방식직거래(인천 서구 석남동 청라 중고폰)/택배(우체국택배:4천원) 가능합니다.​4.매장위치인천 서구 가정로177 (석남동581-14) 1층 휴대폰할인매장
갤럭시노트10+플러스 256GB A급 4179,"300,000",1시간 전,"기기명 / 용량 / 색상 : 갤럭시노트10+플러스 256GB 글로우통신사: KT 최초통화일 : 2019.09제품상태 : 공기계, 선택약정 가능제품설명 : 액정과 뒷면 파손없습니다.미세한 잔상있고 모든 기능 테스트를 마쳤으며  정상작동 합니다.LTE 요금제 사용하시면 그대로 쓸 수 있고,타통신사 및 알뜰유심 장착하면 사용 할 수 있습니다.☆상품문의 O1O-8061-8026◎모든 제품은 구매시 소독하여 발송합니다◎거래방식직거래:인천 주안역택배거래:평일 16:00이전 입금확인시 당일발송"
갤럭시노트10플러스 256GB 실버,"265,000",6일 전,"▲갤럭시노트10플러스 256GB 실버외관은 생활찍힘 있으며 잔상 있는 갤럭시노트10플러스 256GB 실버 색상 입니다. 자세한 외관 상태는 첨부한 사진을 참고해 주시면 감사하겠습니다~저희는 중고폰 판매 전문 상점으로서, 중고폰 기능 검사에 많은 시간을 투자하고 있으며, 상품 외관 및 기능 하자를 최대한 자세히 설명 드리고 정직하게 판매하기 위해 노력하고 있습니다!상품 외관은 사진을 참고해 주시고, 아래 저희가 중점적으로 살펴보는 기능 검사표를 첨부 하였으니, 구매전에 참고해 주시면 감사하겠습니다^^(본 기기는 정상해지된 공기계입니다.)▲구성품a) 기기 본체▲상세정보a) 품명:갤럭시노트10플러스b) 가격: 265000c) 색상: 실버d) 용량: 256GBe) 출시통신사: LGf) 사용 가능 통신사: 3사 공용,g) 유심사이즈: 나노 유심h) 확정기변: 가능i) 선택약정 (요금할인25%): 가능▲기능 테스트 결과a) LCD: 양호b) 유심 인식: 양호c) 지문 인식: 양호d) 조도 센서: 양호e) 전면부 카메라: 양호f) 후면부 카메라: 양호g) 와이파이: 양호h) 진동: 양호i) 외부 스피커: 양호j) 플래쉬: 양호▲직거래지역: 경기도 김포,일산(김포골드라인 사우(김포시청)역 3번출구) (3호선 주엽역 5번 출구)▲택배거래택배거래 가능하며 배송비는 3,500원 입니다. (선불/착불 선택 가능)"
[최저가] 삼성 갤럭시 노트8 SM-N950N,"125,000",1시간 전,"삼성 갤럭시 노트8 입니다​SK 향 입니다 3사 유심 호환 가능 합니다​기스, 찍힘 및 스크레치 있고 화면 번인 약간 있습니다 살균, 소독 완료 된 상품 입니다 ​모든 기능 정상 입니다​추가 구성품 없이 단품 입니다​유심 넣으면 바로 사용 가능 합니다   ​믿고 구매 하셔도 됩니다!!중고폰 특성 상 사용감, 제품 스펙, 배터리 성능, 변심 으로 인한 환불 불가 입니다​부산 사상구 덕포동 신라대 근처 직 거래 또는 택배 거래 가능하며 ​택배비는 착불 또는 3000원 추가 입니다​편의점 택배를 이용 해서 택배비는 저렴 합니다톡 주시거나 ***-****-****로 전화 말고 문자 연락 주세요^^"
갤럭시S9플러스 G965 64기가 블루 인천 서구 중고폰,"150,000",1시간 전,1.제품정보-기기명: 갤럭시S9플러스 SM-G965S​-색상: 블루 (53656)-최초 개통 통신사: SK (SK/KT/LG/알뜰폰/선불폰 호환가능)-최초 개통일: 18년 4 월-구성품:기기단품+필름+케이스​2.제품설명외관상태는 테두리쪽 약간의 사용감외 전체적으로 깨긋합니다.액정화면은 별로 티나지 않는 약한잔상 살짝있습니다.모든 기능 정상입니다.​3.거래방식직거래(인천 서구 석남동 청라 중고폰)/택배(우체국택배:4천원) 가능합니다.​4.매장위치인천 서구 가정로177 (석남동581-14) 1층 휴대폰할인매장
[최저가] 삼성 갤럭시 J7 2017 SM-J730K,"70,000",1시간 전,"삼성 갤럭시 J7 2017 입니다​KT 향 입니다 3사 유심 호환 가능 합니다​기스, 찍힘 및 스크레치 있습니다 화면 잔상 없이 깨끗 합니다 살균, 소독 안료 된 상품 입니다​모든 기능 정상 입니다​추가 구성품 없이 단품 입니다​유심 넣으면 바로 사용 가능 합니다 ​70000원에 판매 합니다​믿고 구매 하셔도 됩니다!!중고폰 특성 상 사용 감, 제품 스펙, 배터리 성능, 변심 으로 인한 환불 불가 입니다​부산 사상구 덕포동 신라대 근처 직 거래 또는 택배 거래 가능하며 ​택배비는 착불 또는 3000원 추가 입니다​편의점 택배를 이용 해서 택배비는 저렴 합니다​톡 주시거나 olo 2852 o668로 전화 말고 문자 연락 주세요^^"
아이폰12mini 색상교환,100,1시간 전,-아이폰12미니 64g 블루 -배터리 성능 100 -외관 상 하자 없습니다!휴대폰 구매한지 한 달 조금 넘었어요! 비슷한 조건 12미니 블랙으로 색상교환해요 12프로 그래파이트 추금 지불하고도 교환해요! 추금 적어서 번개톡 주세용!지역은 서울입니다!궁금하신 거 있으시면 편하게 번개톡 주세요!
Z플립3  [블랙]  59616  (S급),"650,000",3일 전,"no.59616○등급 : S급○용량 : 256GB○색상 : 블랙○최초통신사 : LG U+○최초통화일 : 21.11.23°°°°°°°°°°°°°°°°°°°°°°°°°°°°°°°°°°°°°°°°°°°°°°°°°°°°°°°°°°°°°°°°°°°°°°°°●제품설명●모든 성능 및 기능 정상작동 검수 후 판매해요외관 약간 사용감 존재하는 ""S급"" 이구요잔상,번인현상없이 화면 깨끗하게 잘 나와요사진 그대로 상태고, 색상 고급스럽게 출시돼서 예뻐요SKT / KT / LG U+ 3사 통신사 전부 사용 가능하며알뜰유심, 선불유심 전부 사용 가능합니다~25% 선택약정 요금할인 가능한 기기예요~°°°°°°°°°°°°°°°°°°°°°°°°°°°°°°°°°°°°°°°°°°°°°°°°°°°°°°°°°°°°°°°°°°°°°°°°●제품실사만 촬영후 업로드●모든 제품 입고후 세척후 보관●믿을수 있는 오프라인 매장 운영 전문 상점●상담시간 오전10시~새벽3시°°°°°°°°°°°°°°°°°°°°°°°°°°°°°°°°°°°°°°°°°°°°°°°°°°°°°°°°°°°°°°°°°°°°°°°°■인증 포토 후기 작성시 사은품 증정■[필름,케이스,그립톡,유심핀,벌크충전기]■직거래 홍대입구역 2번출구 매장■택배가능 지방 버스퀵 가능●●당근폰의 다른 상품 둘러보기●●http://shop.bunjang.co.kr/dgphone"
[센터리퍼] 갤럭시S21 256G 화이트 LG #교체후미사용,"440,000",1시간 전,"⭐무 료 배 송⭐⭐당 일 접 수⭐⭐후기작성 사은품⭐(투명케이스, 충전기, 보호필름, 그립톡, 유심핀, 무료배송)659217📱모델: 갤럭시S21📱용량: 256기가📱색상: 화이트📱최초통신사:  LG (3사호환가능)  25%요금할인가능📱최초통화일 :2021.05.14📱제품상태 :액정, 바디,배터리,뒷판 전부 센터교체된제품입니다.뒷판기존제품 입니다. 뒷판 미세한 생활기스 있습니다.교체후 미사용제품 입니다.(사진 확인해주세요)📱구성품-기기단품+@구매후 후기작성시 케이스,필름,충전기 같이 드립니다~!⭐거래방식 ⭐✔️택배거래: 로젠택배 발송(택배비 무료)✔️퀵,화물거래: 당일수령 ( 퀵,화물비 본인부담)✔️직거래: 서울 영등포구 문래동6가19 ✔️당일배송 **오전10시~ 오후6시 주문건은 당일접수출고 됩니다**연락가능한시간 : 오전10시~ 저녁7시전화문의 0 1 0 7 5 9 7 1 1 9 1번개톡 /  전화문의 가능합니다⭐중고폰 구입후 90일 제품보증⭐✔️상담시간 오전10시~오후6시 (그외 시간은 답변이 늦거나 익일답변드립니다)✔️자세한문의는 톡으로 주시면 최대한빠른 답변해드리겠습니다.✔️전제품 세척하여 포장해서 드립니다~"
갤럭시A90 A급 A908,"180,000",1시간 전,1.제품정보-기기명: 갤럭시A90 SM-A908L 128기가​-색상: 화이트 (03612)-최초 개통 통신사: LG (SK/KT/LG/알뜰폰/선불폰 호환가능)-최초 개통일: 20년 1월-제품상태: A급-구성품:기기단품+필름+케이스​2.제품설명외관상태는 테두리 미세한 사용감 외 전체 깨끗합니다.액정화면은 잔상없고 화면 이상없습니다.모든 기능 정상입니다.​3.거래방식직거래(인천 서구 청라 중고폰)/택배(우체국택배:4천원) 가능합니다.​4.매장위치인천 서구 가정로 177 (석남동 581-14) 1층 휴대폰할인매장
갤럭시S8 오키드그레이 64GB 정상해지 공기계 팝니다 66864,"130,000",1시간 전,"📌 제품정보 📌- 모델명 : 부산 G950- 용량 : 64GB- 최초통신사 : SK ( SK / KT / LG / 알뜰폰 모두 유심만 꽂으면 사용가능 )- 구성품 : 케이스 + 필름 ( 보유중인 기종만 가능 ) - 기능 : 안되는거 없이 전부 다 잘됩니다 - 선택약정 : 지금 받고 계시면 유심 변경시 그대로 적용 가능 📌 제품설명 📌 제품 사진 100%  실사입니다외관 상태 사진과 동일합니다화면에 기스있어서 UV강화필름 붙혀놔서 티안나고 작동 잘 됩니다 ^^)확정기변 가능한 정상해지 공기계 입니다안 되는 거 없이 전부 다 됩니다- 상품 번호 : 66864( 상품번호 알려주시면 빠른 확인 가능합니다 )* 가격조정 절대 불가, 네고 문의 사절 ** 중고거래 특성상 단순변심/고객과실은 교환 및 환불 불가 ** 기능적인 문제 있는 경우 1주이내 교환/환불 가능 *📌 거래방식 📌- 직거래 or 택배 or 퀵 ( 배송비 별도 )- 직거래 주소 : 부산 금정구 부산대학로 45-1 CU편의점 지하 1층 중고폰 매장- 연락처 : 0 1 0 - 5 7 8 7 - 4 3 0 2- 전화 / 문자 / 카톡 모두 문의 가능합니다.- 댓글 문의는 확인이 어렵습니다.- 업로드 안 된 기기 문의 가능 - 원하는 조건 (기종, 색상 등) 말씀 해 주시면 찾아드립니다- 부산중고폰 매장이라 다른기종들도 많습니다"
습득폰 주운폰 분실ㅍ 현금 최고가 매입,"1,000,000",1시간 전,텔레 lalapon911수도권 직거래 현금 고가 매입분실ㅍ 습득폰 주운폰친절 상담 연락주세요~
#한정판매# 아이폰8플러스 64GB 레드 중고폰 공기계 [65792],"265,000",32분 전,"✔구매 전 10000 개가 넘는 실제 구매후기를 확인해주세요. ✔[쿠팡/네이버/옥션/G마켓/위메프/티몬]등✔번개장터 최초 무상 제품 보증 100일 보장해드립니다.✔매달 진행하는 이벤트를 꼭 확인해주세요. ★ 번개장터 구매고객 특별이벤트 ★🔴구입후 중고폰 100일 제품 보증🔴최고급 사은품 무료 증정🔴구매 전 실제 구매후기를 확인해주세요(번개장터 고객만족도 1위!)🔴출고전 전문엔지니어가 중고폰의 10개 주요항목 정밀 검수후 출고!        💟후기 이벤트[후기작성을 약속해 주세용!!]💟💟최고급 10종 사은품 증정  이벤트   💟                  [최고급케이스+최고급유리필름+충전기+유심핀+그립톡+무선충전패드+카드수납포켓+키링+제품 보증100일+무료배송)]♨대량구매 문의 대환영♨[제품정보]     용량: 64G색상: 레드제품등급: A급배터리 효율: 위 사진상태: 상세사진 참고⚠️통신사 : SKT/KT/LGU+3사 유심변경가능(사용하던 유심 바로 꽂아 사용가능)⚠️확정기변/25%약정할인가능(알뜰유심,선불유심 전부사용가능) 문의주세용!!🔻 거래방법 🔻⚡ 택배거래  가능  ⚡⚡ 퀵 서비스 가능  ⚡⚡ 직거래      가능  ⚡💙모든거래 선 결재 후 배송입니당! 유의해주세용💙📦 택배거래 📦당사는 로젠택배를 통하여매일 PM 19:00 배송 나갑니다 18:00 시전으로 구매확정 하시면 당일배송출발택배비 지원해드립니다~📦번개페이📦번개장터 번개페이 결제시※반드시 판매자 사전 협의이후 결제 부탁 드립니다※📞 직거래 📞직거래위치는 강남구청역 입니다 매장방문은 2번출구 바로 뒷편 건물 10층지번주소: 강남구 논현동 241-7 10층(방문전??)★ 직거래 구매시 매장 방문 시간은 ★     평일:오전 11:00시부터~오후7시 30분     주말:오후 13:00시부터~오후6시 30분💟💟13:00~14:00 점심시간입니다. [해당시간만 피해주세요!]💟💟                 ⚠️ 필독사항 ⚠️✔️ 상담주실때 캡쳐/사진 주시면 빠른상담가능✔️ 기능상 문제가 아닌, 단순변심으로는w       교환&환불 절대 불가합니다.✔️ 정품만을 취급하며 정품아닐시 100% 환불 해드립니다✔️ 무상 A/S는 액정파손/배터리/침수/본인과실은 불가합니다     ✔️ 분실/도난은 절대 판매 및 취급 하지 않습니다★ ★ ★ ★ 사용하시던 중고핸드폰 번개장터 최고가격으로 매입해드립니다 ★ ★ ★ ★"
갤럭시A31 A급 A315 64기가 화이트 인천 서구 중고폰,"120,000",1시간 전,1.제품정보-기기명: 갤럭시A31 SM-A315L 64기가​-색상 : 화이트 (64587)-최초개통일: 20년 5월-구성품: 기기단품+필름+케이스​2.제품설명외관상태는 딱히 흠잡을곳 없고 전체적으로 상태 깨끗합니다.액정화면도 잔상없고 화면 깨끗합니다.그 외에 모든 기능 정상입니다.​3.거래방식직거래(인천 서구 석남동 청라 중고폰)/택배(우체국택배:4천원) 가능합니다.​4.매장위치인천 서구 가정로177 (석남동581-14) 1층 휴대폰할인매장
[최저가] 삼성 갤럭시 노트9 SM-N960N.,"190,000",1시간 전,"삼성 갤럭시 노트9 입니다SK 향 입니다3사 유심 호환 가능 합니다찍힘 및 스크레치 약간 있고 화면 번인 아주 약간 있습니다 살균, 소독 완료 된 상품 입니다 모든 기능 정상 입니다추가 구성품 없이 단품 입니다유심 넣으면 바로 사용 가능 합니다 190000원에 판매 합니다믿고 구매 하셔도 됩니다!!중고폰 특성 상 사용감, 제품 스펙, 배터리 성능, 변심 으로 인한 환불 불가 입니다부산 사상구 덕포동 신라대 근처 직 거래 또는 택배 거래 가능하며 택배비는 착불 또는 3000원 추가 입니다편의점 택배를 이용하기 때문에 택배비는 저렴 합니다 톡 주시거나 olo 2852 o668로 전화 말고 문자 연락 주세요^^"
[최저가] 삼성 갤럭시 S9 플러스 SM-G965N 256기가..,"165,000",1시간 전,"삼성 갤럭시 S9 플러스 입니다내장 메모리 256기가 입니다 LG U+ 향 입니다3사 유심 호환 가능 합니다기스, 스크레치 약간 있고 화면 번인 있습니다 살균, 소독 완료 된 상품 입니다 모든 기능 정상 입니다추가 구성품 없이 단품 입니다유심 넣으면 바로 사용 가능 합니다 믿고 구매 하셔도 됩니다!!중고폰 특성 상 사용감, 제품 스펙, 배터리 성능, 변심 으로 인한 환불 불가 입니다부산 사상구 덕포동 신라대 근처 직 거래 또는 택배 거래 가능하며 택배비는 착불 또는 3000원 추가 입니다편의점 택배를 이용하기 때문에 택배비는 저렴 합니다 톡 주시거나 olo 2852 o668로 전화 말고 문자 연락 주세요^^"
[최저가] 삼성 갤럭시 노트8 SM-N950N.,"95,000",1시간 전,"삼성 갤럭시 노트8 입니다​LG U+ 향 입니다 3사 유심 호환 가능 합니다​스크레치 아주 약간 있는 정도 입니다 전면 유리 기스 없이 깨끗 하고 화면 번인 있습니다 살균, 소독 완료 된 상품 입니다 ​모든 기능 정상 입니다​추가 구성품 없이 단품 입니다​유심 넣으면 바로 사용 가능 합니다   ​믿고 구매 하셔도 됩니다!!중고폰 특성 상 사용감, 제품 스펙, 배터리 성능, 변심 으로 인한 환불 불가 입니다​부산 사상구 덕포동 신라대 근처 직 거래 또는 택배 거래 가능하며 ​택배비는 착불 또는 3000원 추가 입니다​편의점 택배를 이용 해서 택배비는 저렴 합니다​톡 주시거나 olo 2852 o668로 전화 말고 문자 연락 주세요^^"
노트10플러스  [블랙]  59714  (S급),"360,000",3일 전,"no.59714○등급 : S급○용량 : 256GB○색상 : 블랙○최초통신사 : LG U+○최초통화일 : 19.09.27°°°°°°°°°°°°°°°°°°°°°°°°°°°°°°°°°°°°°°°°°°°°°°°°°°°°°°°°°°°°°°°°°°°°°°°°●제품설명●노트10+ 블랙색상 이예요외관 약간의 사용감 존재하는 ""S급"" 상태예요기능 성능상태 전부 검수하고 판매해요SKT / KT / LG U+ 통신사 전부 사용 가능하고,알뜰유심,선불유심,4G,5G 유심 전부 사용 가능해요°°°°°°°°°°°°°°°°°°°°°°°°°°°°°°°°°°°°°°°°°°°°°°°°°°°°°°°°°°°°°°°°°°°°°°°°●제품실사만 촬영후 업로드●모든 제품 입고후 세척후 보관●믿을수 있는 오프라인 매장 운영 전문 상점●상담시간 오전10시~새벽3시°°°°°°°°°°°°°°°°°°°°°°°°°°°°°°°°°°°°°°°°°°°°°°°°°°°°°°°°°°°°°°°°°°°°°°°°■인증 포토 후기 작성시 사은품 증정■[필름,케이스,그립톡,유심핀,벌크충전기]■직거래 홍대입구역 2번출구 매장■택배가능 지방 버스퀵 가능●●당근폰의 다른 상품 둘러보기●●http://shop.bunjang.co.kr/dgphone"
[최저가] 삼성 갤럭시 S9 플러스 SM-G965N 256기가.,"165,000",1시간 전,"삼성 갤럭시 S9 플러스 입니다내장 메모리 256기가 입니다 KT 향 입니다3사 유심 호환 가능 합니다기스, 찍힘 및 스크레치 약간 있고 화면 번인 아주 약간 있습니다 살균, 소독 완료 된 상품 입니다 모든 기능 정상 입니다추가 구성품 없이 단품 입니다유심 넣으면 바로 사용 가능 합니다 믿고 구매 하셔도 됩니다!!중고폰 특성 상 사용감, 제품 스펙, 배터리 성능, 변심 으로 인한 환불 불가 입니다부산 사상구 덕포동 신라대 근처 직 거래 또는 택배 거래 가능하며 택배비는 착불 또는 3000원 추가 입니다편의점 택배를 이용하기 때문에 택배비는 저렴 합니다 톡 주시거나 olo 2852 o668로 전화 말고 문자 연락 주세요^^"
[최저가] 삼성 갤럭시 A30 SM-A305N,"90,000",1시간 전,"삼성 갤럭시 A30 입니다LG U+ 향 입니다스크레치 약간 있고 화면 번인 약간 있습니다 살균, 소독 완료 된 상품 입니다 모든 기능 정상 입니다추가 구성품 없이 단품 입니다유심 넣으면 바로 사용 가능 합니다 믿고 구매 하셔도 됩니다!!중고폰 특성 상 사용감, 제품 스펙, 배터리 성능, 변심 으로 인한 환불 불가 입니다부산 사상구 덕포동 신라대 근처 직 거래 또는 택배 거래 가능하며 택배비는 착불 또는 3000원 추가 입니다편의점 택배를 이용하기 때문에 택배비는 저렴 합니다 톡 주시거나 olo 2852 o668로 전화 말고 문자 연락 주세요^^"
아이폰13프로 알파인그린 256GB 자급제 미개봉,"1,300,000",1시간 전,"자급제 미개봉입니다.바로 유심 꽂아서 사용하시면됩니다색상 :) 알파인그린램 :) 6기가저장용량 ;) 256기가몇달 몇일 사용 믿지마시고 미개봉사서 마음 편히 사용하세요!!정품아닐시 100% 환불가능합니다직거래는 : 경기도 안양 입니다.안전결제 가능합니다🙋‍♂️택배거래도 가능합니다! ( 일반택배, 반값택배)택배도 당일에 바로 배송을 보내드립니다🙇‍♂️택배 2중포장으로  안전하게해서 보내드립니다 운송장도 바로 보내드립니다.사기꾼들이 많은데 다른곳에서 사기당하지마시고 저한테 구매하세요!🥰🥰판매내역보시면 거래내역 많습니다 .개인 판매자 입니다. 궁금하신건 연락주시면 알려드릴게요!🙋‍♂️🙋‍♂️"
갤럭시s22플러스+ 화이트 256GB 자급제 미개봉,"890,000",1시간 전,"자급제 미개봉입니다.바로 유심 꽂아서 사용하시면됩니다색상 :) 화이트램 :) 8기가저장용량 :) 256기가정품아닐시 100% 환불가능합니다직거래는 : 경기도 안양 입니다.안전결제 가능합니다🙋‍♂️택배거래도 가능합니다! ( 일반택배, 반값택배)택배도 당일에 바로 배송을 보내드립니다🙇‍♂️택배 2중포장으로  안전하게해서 보내드립니다 운송장도 바로 보내드립니다.사기꾼들이 많은데 다른곳에서 사기당하지마시고 저한테 구매하세요!🥰🥰판매내역보시면 거래내역 많습니다 .개인 판매자 입니다. 궁금하신건 연락주시면 알려드릴게요!🙋‍♂️🙋‍♂️"
노트20  [브론즈]  53469  (A급),"380,000",3일 전,"no.53469○등급 : A급○용량 : 256GB○색상 : 브론즈○최초통신사 : KT○최초통화일 : 20.10.30°°°°°°°°°°°°°°°°°°°°°°°°°°°°°°°°°°°°°°°°°°°°°°°°°°°°°°°°°°°°°°°°°°°°°°°°●제품설명●기기상태는 사진과 동일해요외관 사용감 존재하는 ""A급"" 상태구요성능 빠릿하고 좋구요 특히 카메라 정말 좋아요!기능적으로 이상없이 전부 정상작동 잘 되구요~SKT / KT / LG U+ 상관없이 모든 통신사 사용 가능하고,알뜰유심,선불유심도 사용 가능합니다 !25% 선택약정 요금할인 가능한 기기예요~°°°°°°°°°°°°°°°°°°°°°°°°°°°°°°°°°°°°°°°°°°°°°°°°°°°°°°°°°°°°°°°°°°°°°°°°●제품실사만 촬영후 업로드●모든 제품 입고후 세척후 보관●믿을수 있는 오프라인 매장 운영 전문 상점●상담시간 오전10시~새벽3시°°°°°°°°°°°°°°°°°°°°°°°°°°°°°°°°°°°°°°°°°°°°°°°°°°°°°°°°°°°°°°°°°°°°°°°°■인증 포토 후기 작성시 사은품 증정■[필름,케이스,그립톡,유심핀,벌크충전기]■직거래 홍대입구역 2번출구 매장■택배가능 지방 버스퀵 가능●●당근폰의 다른 상품 둘러보기●●http://shop.bunjang.co.kr/dgphone"
아이폰xs 64기가,"220,000",1시간 전,"😀필독😀사진, 게시글 꼭 확인해주세요!사진의 빛은 조명 불빛입니다!😐상품설명❣ 모델명 : 아이폰xs❣ 용량 : 64GB❣ 색상 : 골드❣ 구성 : 기기단품+필름+케이스❣ 기능 : 페이스아이디X 그외 모두정상❣ 상태 : 외관상태 아주 좋습니다~❣ 택배 : 우체국 택배💥구매자님들의 사기피해 방지를 위해 공식인증을 거쳐 판매중 입니다💥L G / S K / K T / 알 뜰 폰 / 선 불 폰 유심사용가능합니다직 거 래ㆍ택 배 거 래ㆍ화 물 택 배ㆍ퀵 가능* 오후 4시 전 입금 건 당일 택배 발송 *🎈 월~금 모든 기기는 정상적인 기능 테스트를 거쳐 정상작동 확인 후 판매합니다★ 단 순 변 심 , 게시글 내용 미확인 교환/환불 불가합니다 ★* 올린 기기말고도 많은 기계들이 있으니 찾으시는 기기 문의주세요 ☎📞"
"갤럭시노트10+플러스 512GB 0184,9011","245,000",1시간 전,"기기명 / 용량 / 색상 : 갤럭시노트10+플러스 512GB 글로우/블랙통신사: KT 최초통화일 : 2019.08-0184 / 2019.10-9011제품상태 : 공기계, 선택약정 가능제품설명 : 액정과 뒷면 파손없습니다.미세한 잔상있고 화면에 작은점 있으나 사용시 지장 없으며검은 점은 시간이 지나도 크기변화 없습니다.모든 기능 테스트를 마쳤으며  정상작동 합니다.LTE 요금제 사용하시면 그대로 쓸 수 있고,타통신사 및 알뜰유심 장착하면 사용 할 수 있습니다.☆상품문의 O1O-8061-8026◎모든 제품은 구매시 소독하여 발송합니다◎거래방식직거래:인천 주안역택배거래:평일 16:00이전 입금확인시 당일발송"
아이폰 SE 2 128GB 정상해지 A급 저렴,"250,000",1시간 전,아이폰 SE 2 128GB 정상해지 A급 저렴 - 25만원블랙 / 알뜰폰 포함 모든통신사 호환됩니다앞면 기스없이 깔끔  / 테두리 깔끔  / 뒷면 깔끔  화면 무잔상 번인 없습니다기능 정상  - 배터리 효율 85% -선택약정 25%요금할인 가능합니다 정상적으로 해지된 확정기변 전산기변 가능한상태입니다유심끼우시고 바로 쓰실수 있습니다 개통일 2020년 5월 29일  ​거래방식은 직거래 택배거래 가능합니다 직거래는 서울 마포 공덕역 가능합니다새벽2시까지는 거래가능합니다 빠른거래 우선입니다 확실한 거래 약속 부탁드립니다!!연락처 : o1o .3936. 4841
[최저가] LG G프로2 LG-F350S A급,"50,000",1시간 전,"LG G프로2 입니다SK 향 입니다KT 유심 호환 가능 합니다 전체적으로 A급 상태 입니다 살균, 소독 완료 된 상품 입니다 모든 기능 정상 입니다추가 구성품 없이 단품 입니다유심 넣으면 바로 사용 가능 합니다 50000원에 판매 합니다믿고 구매 하셔도 됩니다!!중고폰 특성 상 사용감, 제품 스펙, 배터리 성능, 변심 으로 인한 환불 불가 입니다부산 사상구 덕포동 신라대 근처 직 거래 또는 택배 거래 가능하며 택배비는 착불 또는 3000원 추가 입니다편의점 택배를 이용하기 때문에 택배비는 저렴 합니다 톡 주시거나 olo 2852 o668로 전화 말고 문자 연락 주세요^^"
#한정판매# 아이폰12 128GB 그린 중고폰 공기계[69149],"655,000",4시간 전,"✔구매 전 10000 개가 넘는 실제 구매후기를 확인해주세요. ✔번개장터 최초 무상 제품 보증 100일 보장해드립니다.✔매달 진행하는 이벤트를 꼭 확인해주세요. ★ 번개장터 구매고객 특별이벤트 ★🔴구입후 중고폰 100일 제품 보증🔴최고급 사은품 무료 증정🔴구매 전 실제 구매후기를 확인해주세요(번개장터 고객만족도 1위!)🔴출고전 전문엔지니어가 중고폰의 10개 주요항목 정밀 검수후 출고!🔴코로나 시대 소독 세척 실시!           💟한정 후기 이벤트💟💟최고급 10종 사은품 증정  이벤트   💟                  [최고급케이스+최고급유리필름+충전기+유심핀+그립톡+무선충전패드+카드수납포켓+키링+제품 보증100일+무료배송)]♨대량구매 문의 대환영♨용량: 128GB색상:그린제품등급:SS급최초통화일: 위 사진상태: 사진 그대로 판매중입니다! ⚠️통신사 : SKT/KT/LGU+3사 유심변경가능 / 알뜰폰 유심 사용가능!(사용하던 유심 바로 꽂아 사용가능)🔻 거래방법 🔻⚡ 택배거래  가능  ⚡⚡ 퀵 서비스 가능  ⚡⚡ 직거래      가능  ⚡📦 택배거래 📦당사는 로젠택배를 통하여매일 PM 19:00 배송 나갑니다 18:00 시전으로 구매확정 하시면 당일배송출발택배비 지원해드립니다📦번개페이📦번개장터 번개페이 결제시※ 반드시 판매자 사전 협의 이후 결제 부탁 드립니다 ※📞 직거래 📞직거래위치는 강남구청역 입니다 매장방문은 2번출구 바로 뒷편 건물 10층지번주소: 강남구 논현동 241-7 10층(방문전??)★ 직거래 구매시 매장 방문 시간은 ★  평일:오전 11:00시부터~오후7시30분 💟💟13:00~14:30 점심시간입니다. [해당시간만 피해주세요!]💟💟                  ⚠️ 필독사항 ⚠️✔️ 상담주실때 캡쳐/사진 주시면 빠른상담가능✔️ 기능상 문제가 아닌, 단순변심으로는       교환&환불 절대 불가합니다.✔️ 정품만을 취급하며 정품아닐시 100% 환불 해드립니다✔️ 무상 A/S는 액정파손/배터리/침수/본인과실은 불가합니다     ✔️ 분실/도난은 절대 판매 및 취급 하지 않습니다★ ★ ★ ★ 사용하시던 중고핸드폰 번개장터 최고가격으로 매입해드립니다 ★ ★ ★ ★"
배터리100 A+급 아이폰X 64G 실버 (995),"260,000",1시간 전,"안녕하세요 LL모바일 입니다!     좋은상품과 친절한 서비스로 보답하겠습니다.    LL모바일 프로필 누르시고 상품 누르시면         올려놓은상품 전~~부 보입니다!      ●모델 : 아이폰X 64G      ●통신 : (3사호환가능)      ●색상 : 실버      ●기능 : 이상없음      ●상태 : A+급(액정사설수리 되었습니다)      ●가격 : 26만원      ●구성 : 기기+액정보호필름+투명젤리케이스      ‣ 해당제품은 정상해지 공기계 입니다     ‣ 모든 기능 / 침수 이상없는 제품입니다    ‣ 핸드폰 구입시 기존핸드폰 고가 매입합니다                        ▶후기EVENT◀                    후기를 작성해주시면        이 모든 사은품을 만원에 챙겨드립니다     (강화필름/케이스/케이블/어답터/그립톡/               유심핀/무선충전기/보조배터리)            ▶액정보호필름 할인EVENT◀  아이폰구매자에 한해서 저렴히 판매합니다                  풀커버필름 : 3,000원               프라이버시필름 : 5,000원                          ‣거래방법   ‣직거래:분당 서현역매장(자세한 위치는                   번개채팅으로 문의부탁드립니다)  ‣택배거래:배송비3천원(09:00 ~ 15:00                   결제완료 택배건은 당일출고됩니다)                    그외:지하철퀵/오토바이퀵                    본인부담으로 가능합니다 ‣예약거래 :예약을 원하시는분께서는 판매가의                    20% 선입금완료시                  다른 구매희망자에게 판매가 보류되며,                 구입시 예약금을 제외한 차액만                   결제해주시면 됩니다.            (단,예약 후 구매안할시 예약금은                       환불되지않습니다)▶SK,KT,LGU+<최신폰,무료폰,전기종 상담가능>◀  새핸드폰 최저가 상담 및 즉시개통 업무 가능합니다!  내가 쓰던 요금 그대로! 최신폰으로 변경!  우리 가족 결합할인도 그대로!  데이터 복원 및 백업(어플,연락처,카카오톡,인증서 등)  쓰던폰 안에 모든 데이터 그대로 새폰으로 옮겨드립니다!  쓰던 폰은 최고가로 매입해드립니다!                       ※교환반품※  단순 변심에 의한 반품 요청은 제품 인수일 이내에만 가능하며   왕복 택배비 6.000원 부담하셔야 합니다.  (단순변심 환불시 판매가 20% 제외 됩니다!!)★기기 불량에 의한 교환 및 환불 의사는 반드시 제품 인수일 포함 7일 이내에 요청하셔야 당사에서 처리 가능합니다.(고지안한 기능이상이 있을경우에만 해당)이후 발생하는 건에 대해서는 해당 제조사 서비스센터 및 수리점 방문 하셔야 합니다.★"
아이폰13프로 에디션,"50,000",1시간 전,저의 아이폰13프로로 찍은거에요 모두 수제작이니 사주세용
갤럭시S21 256GB 화이트,"360,000",1시간 전,"제품정보갤럭시S21 256GB 화이트최초 통신사: SKT( SK / KT / LG / 알뜰폰 모두 유심만 꽂아서 사용가능 합니다)가격 : 36만원제품설명화면에 기스없이 깨끗합니다뒷판에 일자로 기스같은 깨짐있습니다문의사항 번개톡주세요2주안에 기기문제있을시 교환,환불가능합니다그 이후로는 불가능합니다고객님의  부주의로 인한  불량  파손  침수불량 으로인한  교환 및 환불요청시  불가 합니다"
갤럭시S21 256기가 SSSSS급!!0707-10,"420,000",1시간 전,"■제품정보모든제품 기능검사 철저하게 진행하고있습니다.최저가로 최상의 제품을 모시겠습니다.*기기명:갤럭시s21 256기가*제품번호; 0707-10*색상: 블랙*최초개통일:21년 7월12일 (무상as남아있음)*최초통신사:SK(SK/LG/KT 호환가능,알뜰폰.선불폰등 모두가능)*제품상태: 충전단자 미세기스말고는 전체적으로 기스,찍힘없이 매우 깨끗합니다.*액정 매우 깨끗합니다.*잔상은 없습니다.*구성품:휴대폰,액정필름,투명케이스,무료배송(재고소진시 단품발송)■제품설명*유심 꽃으면 바로 사용가능*25프로 선택약정 가능*알뜰폰,선불폰 가능 *사설수리폰,침수폰은 취급하지않습니다.*구입후 7일이내 기능이상시 교환,환불가능합니다.(단순변심,고객과실제외)■거래방식*택배 또는 직거래(경기도 광주 매장 방문->율동공원 5분거리)*택배이용시 택배비 무료*오후 4시까지 결제시 당일발송■업체 정보및 연락처*주소지:경기도 광주시 오포읍 능평로 47 호박마켓*연락처:0.1.0.5.0.4.4.6.2.0.0"
#당일발송# 갤럭시z플립3 256GB 등급별 중고폰 공기계!,"565,000",2주 전,"✔구매 전 10000 개가 넘는 실제 구매후기를 확인해주세요. ✔[쿠팡/네이버/옥션/G마켓/위메프/티몬]등✔번개장터 최초 무상 제품 보증 100일 보장해드립니다.✔매달 진행하는 이벤트를 꼭 확인해주세요. ★ 번개장터 구매고객 특별이벤트 ★🔴구입후 중고폰 100일 제품 보증🔴최고급 사은품 무료 증정🔴구매 전 실제 구매후기를 확인해주세요(번개장터 고객만족도 1위!)🔴출고전 전문엔지니어가 중고폰의 10개 주요항목 정밀 검수후 출고!🔴코로나 시대 소독 세척 실시!💟후기 이벤트[후기작성을 약속해 주세용!!]💟💟최고급 10종 사은품 증정  이벤트   💟                  [최고급케이스+최고급유리필름+충전기+유심핀+그립톡+무선충전패드+카드수납포켓+키링+제품 보증100일+무료배송)]💟💟    갤럭시Z플립3    💟💟⭕️SS급 :  256G -  68.5만원        [새 폰 처럼 보이는 MAGIC!]⭕️S급 :  256G -  63.5만원[완전깨끗한S급!]⭕️A급 :  256G -  56.5만원   [사용감있지만 기능&가성비 최고!]⭕️ B급 :  256G - 재고문의[ 전체적인 중고감 & 액정에 잔상및 기스가 있는 제품]🔎 상품상세 🔎•색상 : 블랙/그린/퍼플/크림/핑크•기가수 :  256G•구성 : 휴대폰•통신사 : SKT/KT/LGU+3사 유심변경가능(사용하던 유심 바로 꽂아 사용가능)•알뜰폰[유심만 변경하면 바로 사용 가능]🔻 거래방법 🔻⚡ 택배거래  가능  ⚡⚡ 퀵 서비스 가능  ⚡⚡ 직거래      가능  ⚡📦 택배거래 📦당사는 로젠택배를 통하여매일 PM 19:00 배송 나갑니다 18:00 시전으로 구매확정 하시면 당일배송출발택배비 지원해드립니다~📞 직거래 📞직거래위치는 강남구청역 입니다 매장방문은 2번출구 바로 뒷편 건물 10층지번주소: 강남구 논현동 241-7 10층(방문전📞)★ 직거래 구매시 매장 방문 시간은 ★     평일:오전 11:00시부터~오후9시      주말:오후 13:00시부터~오후8시                    ⚠️ 필독사항 ⚠️✔️ 상담주실때 캡쳐/사진 주시면 빠른상담가능✔️ 기능상 문제가 아닌, 단순변심으로는       교환&환불 절대 불가합니다.✔️ 정품만을 취급하며 정품아닐시 100% 환불 해드립니다✔️ 무상 A/S는 액정파손/배터리/침수/본인과실은 불가합니다     ✔️ 분실/도난은 절대 판매 및 취급 하지 않습니다★ ★ ★ ★ 사용하시던 중고핸드폰 번개장터 최고가격으로 매입해드립니다 ★ ★ ★ ★"
갤럭시 폴드3 아이폰교신,100,1시간 전,갤럭시 폴드3 256기가 아이폰13프로맥스 아님 12프로맥스랑 교신하실분~ 딱히 하자는 없는데 그 펼친 화면에 티안나게 살짝 점생겼는데 사용하는데 지장 1도없습니다 그리고 13프로맥스 교신하실때 추금대신 갤럭시 워치4 44미리 블랙 드리겠습니다! 언제든 편하게 연락주세요 추가로 사진더 필요하시면 드릴께요 사진을 잘못찍어서요 왠만하면 직거래하겠습니다
S급 아이폰12 128G 화이트 (878),"680,000",1시간 전,"안녕하세요 LL모바일 입니다!     좋은상품과 친절한 서비스로 보답하겠습니다.    LL모바일 프로필 누르시고 상품 누르시면         올려놓은상품 전~~부 보입니다!      ●모델 : 아이폰12 128G      ●통신 : (3사호환가능)      ●색상 : 화이트      ●기능 : 이상없음      ●상태 : S급      ●가격 : 68만원      ●구성 : 기기+액정보호필름+투명젤리케이스      ‣ 해당제품은 정상해지 공기계 입니다     ‣ 모든 기능 / 침수 이상없는 제품입니다    ‣ 핸드폰 구입시 기존핸드폰 고가 매입합니다                        ▶후기EVENT◀                    후기를 작성해주시면        이 모든 사은품을 만원에 챙겨드립니다     (강화필름/케이스/케이블/어답터/그립톡/               유심핀/무선충전기/보조배터리)            ▶액정보호필름 할인EVENT◀  아이폰구매자에 한해서 저렴히 판매합니다                  풀커버필름 : 3,000원               프라이버시필름 : 5,000원                          ‣거래방법   ‣직거래:분당 서현역매장(자세한 위치는                   번개채팅으로 문의부탁드립니다)  ‣택배거래:배송비3천원(09:00 ~ 15:00                   결제완료 택배건은 당일출고됩니다)                    그외:지하철퀵/오토바이퀵                    본인부담으로 가능합니다 ‣예약거래 :예약을 원하시는분께서는 판매가의                    20% 선입금완료시                  다른 구매희망자에게 판매가 보류되며,                 구입시 예약금을 제외한 차액만                   결제해주시면 됩니다.            (단,예약 후 구매안할시 예약금은                       환불되지않습니다)▶SK,KT,LGU+<최신폰,무료폰,전기종 상담가능>◀  새핸드폰 최저가 상담 및 즉시개통 업무 가능합니다!  내가 쓰던 요금 그대로! 최신폰으로 변경!  우리 가족 결합할인도 그대로!  데이터 복원 및 백업(어플,연락처,카카오톡,인증서 등)  쓰던폰 안에 모든 데이터 그대로 새폰으로 옮겨드립니다!  쓰던 폰은 최고가로 매입해드립니다!                       ※교환반품※  단순 변심에 의한 반품 요청은 제품 인수일 이내에만 가능하며   왕복 택배비 6.000원 부담하셔야 합니다.  (단순변심 환불시 판매가 20% 제외 됩니다!!)★기기 불량에 의한 교환 및 환불 의사는 반드시 제품 인수일 포함 7일 이내에 요청하셔야 당사에서 처리 가능합니다.(고지안한 기능이상이 있을경우에만 해당)이후 발생하는 건에 대해서는 해당 제조사 서비스센터 및 수리점 방문 하셔야 합니다.★"
16341 갤럭시노트10 N971 256기가 화이트 무잔상 정상해지 공기,"240,000",1시간 전,"16341 갤럭시노트10 N971 256기가 화이트 무잔상 정상해지 공기계 24만1. 제품정보 - 기기명: 갤럭시노트10- 색상: 화이트- 최초통신사: KT- 최초통화일: 20.12.04- 제품상태: 기기상태는 사진과 동일하니 첨부된 사진 참고바랍니다.- 가격: 240,000원- 구성품: 기기단품​2. 제품설명- 통신3사(SK,KT,LG) 호환 가능하고 기능상 문제없는 정상제품 입니다.- 정상해지 기계이며 선택약정 25% 할인 가능 합니다.3. 거래방식- 수원시청역 직거래 or 택배거래(선불 3000원)"
갤럭시S8 오키드그레이 64GB 정상해지 공기계 팝니다 66864,"130,000",1시간 전,"📌 제품정보 📌- 모델명 : 부산 G950- 용량 : 64GB- 최초통신사 : SK ( SK / KT / LG / 알뜰폰 모두 유심만 꽂으면 사용가능 )- 구성품 : 케이스 + 필름 ( 보유중인 기종만 가능 ) - 기능 : 안되는거 없이 전부 다 잘됩니다 - 선택약정 : 지금 받고 계시면 유심 변경시 그대로 적용 가능 📌 제품설명 📌 제품 사진 100%  실사입니다외관 상태 사진과 동일합니다화면에 기스있어서 UV강화필름 붙혀놔서 티안나고 작동 잘 됩니다 ^^)확정기변 가능한 정상해지 공기계 입니다안 되는 거 없이 전부 다 됩니다- 상품 번호 : 66864( 상품번호 알려주시면 빠른 확인 가능합니다 )* 가격조정 절대 불가, 네고 문의 사절 ** 중고거래 특성상 단순변심/고객과실은 교환 및 환불 불가 ** 기능적인 문제 있는 경우 1주이내 교환/환불 가능 *📌 거래방식 📌- 직거래 or 택배 or 퀵 ( 배송비 별도 )- 직거래 주소 : 부산 금정구 부산대학로 45-1 CU편의점 지하 1층 중고폰 매장- 연락처 : 0 1 0 - 5 7 8 7 - 4 3 0 2- 전화 / 문자 / 카톡 모두 문의 가능합니다.- 댓글 문의는 확인이 어렵습니다.- 업로드 안 된 기기 문의 가능 - 원하는 조건 (기종, 색상 등) 말씀 해 주시면 찾아드립니다- 부산중고폰 매장이라 다른기종들도 많습니다"
S21울트라 256기가 SS급 블랙 59577,"650,000",2시간 전,"😀안녕하세요 친절과 정성을 다해 응대하는 꿀폰입니다😀2022년 코로나로 힘든시기에 꿀폰에서 싸고 좋은폰 GET!!👌실구매자 분들의 후기 확인하시고 소중한 내폰 GET!!👌복잡하고 어려운 중고폰 이제 꿀폰에서 믿고 안심구매 하세요!!최저가 대비 최고의 컨디션으로 보답하겠습니다🔎 상품상세 🔎🎨 색상 : 블랙💾 메모리 : 256기가📋 등급 : SS급 🔧 최초통화일 : 21년02월01일📦 구성 : 휴대폰+필름+젤리케이스🔊 통신사 : LG/SK/KT/3사,선불,알뜰유심 모두 가능💡  25%요금할인(선택약정)가능👉 사용감 거의 없는 아주 깨끗한 S21울트라!!👉 외관 미세기스도 없는 깨끗합니다(사진참고)👉 액정도 깨끗하고 예쁘게 잘 나온 색상입니다(사진참고)👉 손에 촥~ 감기는 그립감에 한손에 쏙! 👉 화면 크기도 영상 시청 및 게임하기에 적당합니다👉 잔상 없고 화질상태 최상입니다👍🏻👉 기능테스트 검사완료 제품으로 최상의 컨디션 입니다📷 100% 실매물 실사입니다  °°°°°°°°°°°°°°°°°°°°°°°°°°°°°°°°°°°°°°°°°°°°°°°°°°°°°°°°°💲 구매방법 💲🔹 문의사항은 번개톡으로 주시면 됩니다🔹 결제는 번개페이(카드+이체)와 계좌거래 가능합니다🔹 택배는 5시 전까지 입금하심 당일출발 합니다🚀🔹 지방버스퀵 가능합니다 서울경기 퀵 서비스 가능합니다🔹 직거래는 9호선 신논현역 도보3분 매장🔹 영업시간11시~20시    °°°°°°°°°°°°°°°°°°°°°°°°°°°°°°°°°°°°°°°°°°°°°°°°°°°°°°°°°   🟣 기기구성 🟣📦 구성 : 휴대폰+필름+젤리케이스🎁 이벤트적용 : 필름+케이스+충전기(비정품)+그립톡+유심핀     포토후기 이벤트시 배송전 여부 말씀해 주심     같이 배송해 드립니다🎅   °°°°°°°°°°°°°°°°°°°°°°°°°°°°°°°°°°°°°°°°°°°°°°°°°°°°°°°°° ‼️‼️필독사항‼️‼️🔹 강남 신논현역에서 중고폰 전문샵 운영🔹 판매후 연락두절 개인보다 전문샵에서 구매 권장🔹 1차 제품살균기/2차 PURELL 표면소독후 밀봉보관🔹 정품만을 취급하며 정품아닐시 100% 환불🔹 30일 무상보증 (기능불량해당)   °°°°°°°°°°°°°°°°°°°°°°°°°°°°°°°°°°°°°°°°°°°°°°°°°°°°°°°°° 💰 기존 휴대폰 최고가 매입해 드립니다.💰1️⃣ 정상폰,파손폰,기능이상폰 모든폰 매입가능😍2️⃣ 이게 돈이 되겠어? 하는 모든폰 매입가능😲3️⃣ 기사님께서 직접 수거해 가시는 무료픽업서비스🚚"
아이폰SE2 256GB 화이트 9687,"250,000",1시간 전,"😀필독사진, 게시글 꼭 확인해주세요!사진의 빛은 조명 불빛입니다!😐상품설명❣ 모델명 : 아이폰SE2❣ 용량 : 256GB❣ 색상 : 화이트❣ 구성 : 기기단품❣ 기능 : 모든 기능 정상❣ 잔상 : X❣ 상태 : 찍힘(사진과 동일합니다)❣ 금액 : 250,000❣ 택배 : 가능💥구매자님들의 사기피해 방지를 위해 공식인증을 거쳐 판매중 입니다💥L G / S K / K T / 알 뜰 폰 / 선 불 폰 유심사용가능합니다직 거 래ㆍ택 배 거 래ㆍ화 물 택 배ㆍ퀵 가능* 오후 5시 전 입금 건 당일 택배 발송 *🎈 월~토 모든 기기는 정상적인 기능 테스트를 거쳐 정상작동 확인 후 판매합니다★ 단 순 변 심 , 게시글 내용 미확인 교환/환불 불가합니다 ★* 올린 기기말고도 많은 기계들이 있으니 찾으시는 기기 문의주세요 ☎📞"
갤럭시S20플러스울트라   최저가 판매,"300,000",1시간 전,"중고폰  도매업체 폰마트입니다 최저가   중고폰   전기종 판매 합니다기종:S20플러스울트라    통신사:SK~KT~LG (3사호환 가능합니다 알뜰유심,선불유심도사용가능)0 1 0 2 8  2 3 8 0 2 2 구성품  케이스 필림  요금할인:가능유심기변:가능상태 : 외관상태는 사진과 동일  잔상있어서 싸게 드려요   정상작동 모두 완벽합니다   하자 일체없음 거래방법: / 택배거래 / 퀵 가능합니다위치:인천메트로  1호선   부개역"
갤럭시노트10+플러스 512GB 2684,"250,000",1시간 전,"기기명 / 용량 / 색상 : 갤럭시노트10+플러스 512GB 글로우통신사: KT 최초통화일 : 2019.08제품상태 : 공기계, 선택약정 가능제품설명 : 액정과 뒷면 파손없습니다.화면에 작은점 있으나 사용시 지장 없으며검은 점은 시간이 지나도 크기변화 없습니다.모든 기능 테스트를 마쳤으며  정상작동 합니다.LTE 요금제 사용하시면 그대로 쓸 수 있고,타통신사 및 알뜰유심 장착하면 사용 할 수 있습니다.☆상품문의 O1O-8061-8026◎모든 제품은 구매시 소독하여 발송합니다◎거래방식직거래:인천 주안역택배거래:평일 16:00이전 입금확인시 당일발송"
갤럭시S9 64G 최저가 가성비짱 12만 대량보유500대,"120,000",1시간 전,상세설명                                                                                                     기종: 갤럭시S9 가격: 12만  상태: 외관깨끗 잔상유 기능정상 세컨폰 영업폰 추천 가성비짱 색상: 블랙 블루 오키드그레이 골드 잔상: 유                                           구성품: 기기 케이스  기가수: 64G&256G(+3만원)                                                        최초통신사: 원하시는통신사 맞춰드려요^^  통신호환: SK/KT/LG 거래방식: 직거래 택배거래 직거래장소: 인천 부평구 장제로 221번길 6 명진빌딩 2층 PMT   연락처 0...1....0   9.......3........9......3   7...3...4...5                      대량구매시 단가협의가능안녕하세요^^ 금일오후 3시전입금시 당일배송나갑니다..                             정직 신속 양심적으로 판매하고있습닏다..                                       폰은 판매하되 양심은 버리지 않겠습니다.. 기능및유심테스트 두번에걸쳐 끝난제품입니다..단 변심으로인한 교환환불불가24시간 상당가능합니다.항상 정직하고 양심적으로 판매하겠습니다^^최고보다는 최선을다하겠습니다
#당일발송# 갤럭시노트10플러스 256G 등급별 중고폰 공기계,"329,000",2주 전,"✔구매 전 10000 개가 넘는 실제 구매후기를 확인해주세요. ✔[쿠팡/네이버/옥션/G마켓/위메프/티몬]등✔번개장터 최초 무상 제품 보증 100일 보장해드립니다.✔매달 진행하는 이벤트를 꼭 확인해주세요. ★ 번개장터 구매고객 특별이벤트 ★🔴구입후 중고폰 100일 제품 보증🔴최고급 사은품 무료 증정🔴구매 전 실제 구매후기를 확인해주세요(번개장터 고객만족도 1위!)🔴출고전 전문엔지니어가 중고폰의 10개 주요항목 정밀 검수후 출고!🔴코로나 시대 소독 세척 실시!   💟후기 이벤트[후기작성을 약속해 주세용!!]💟💟최고급 10종 사은품 증정  이벤트   💟                  [최고급케이스+최고급유리필름+충전기+유심핀+그립톡+무선충전패드+카드수납포켓+키링+제품 보증100일+무료배송)]💟💟   갤럭시 노트10 플러스  💟💟⭕️SS급 : 256G - 38.9만원[새 폰 처럼 보이는 MAGIC!]⭕️S급 : 256G -  35.9만원[완전깨끗한S급!]⭕️A급 : 256G - 32.9만원[사용감있지만 기능&가성비 최고!]⭕️B급 : 256G - 당분간 없음[ 전체적인 중고감 & 액정에 잔상및 기스가 있는 제품]🔎 상품상세 🔎•색상 : 아우라글로우,화이트,블랙•기가수 :  256G•구성 : 휴대폰•통신사 : SKT/KT/LGU+3사 유심변경가능(사용하던 유심 바로 꽂아 사용가능)•정상해지/확정기변/25%약정할인가능 🔻 거래방법 🔻⚡ 택배거래  가능  ⚡⚡ 퀵 서비스 가능  ⚡⚡ 직거래      가능  ⚡📦 택배거래 📦당사는 로젠택배를 통하여매일 PM 19:00 배송 나갑니다 18:00 시전으로 구매확정 하시면 당일배송출발택배비 지원해드립니다~📞 직거래 📞직거래위치는 강남구청역 입니다 매장방문은 2번출구 바로 뒷편 건물 10층지번주소: 강남구 논현동 241-7 10층(방문전📞)★ 직거래 구매시 매장 방문 시간은 ★     평일:오전 11:00시부터~오후9시      주말:오후 13:00시부터~오후8시                   ⚠️ 필독사항 ⚠️✔️ 상담주실때 캡쳐/사진 주시면 빠른상담가능✔️ 기능상 문제가 아닌, 단순변심으로는       교환&환불 절대 불가합니다.✔️ 정품만을 취급하며 정품아닐시 100% 환불 해드립니다✔️ 무상 A/S는 액정파손/배터리/침수/본인과실은 불가합니다     ✔️ 분실/도난은 절대 판매 및 취급 하지 않습니다★ ★ ★ ★ 사용하시던 중고핸드폰 번개장터 최고가격으로 매입해드립니다 ★ ★ ★ ★"
아이폰13미니 김성옥고객님,"450,000",1시간 전,김성옥고객님 결제창입니다.
갤럭시 와이드4 상태 좋고 잔상 없어요 특가10만,"100,000",1시간 전,서울대입구역 직거래우선입니다. 기타 지역 택배 거래 입니다. ***-****-****  체인점입니다. 믿고 거래 하셔도 됩니다. 네이버에서 서울대입구 에코폰  검색하시면 저희 매장 나옵니다. 많은 문의 부탁드립니다.
당일발송 사은품8종 갤럭시s9플러스 중고폰 등급별 최저가 판매 !,"149,000",1시간 전,"안녕하세요 WING MOBILE입니다!오프라인 중고폰 전문 업체 운영중 믿고 거래하세요!한국어 상담/中文谘询/ENG OK!!전문 엔지니어팀이 외관&기능 정밀 검수 후 출고!••••••••••••구매 후기 이벤트 진행중••••••••••••구매 후기 작성시 사은품 8종 무료 증정!젤리케이스+보호필름+충전기+유심핀세트+그립톡+마스크+세정티슈+무료배송(한정수량으로 제공되며 조기 소진될 수 있습니다. 이벤트에 참여시 문의해주세요!) ••••••••••••거래 방법••••••••••••직거래: 동대문역사문화공원역 5번출구 도보 3분입니다!!주소: 서울 중구 마른내로 155 광희동금호트윈오피스텔 2동 901호 (방문전 연락주세요!) 평일: 오후 1시 ~ 오후 9시(주말/공휴일은 휴무입니다!)택배거래: 택배사: 로젠택배 평일 오후 4시 이전 주문시 당일 발송 가능 퀵거래: 접수 가능, 퀵요금 고객 부담!••••••••••••갤럭시 s9플러스••••••••••••SS급 :  229,000원 S급 :  199,000원 A급 : 179,000원 B급 : 149,000원••••••••••••상품 상세 정보••••••••••••상품명: 갤럭시 s9플러스용량: 64GB색상: 코랄 블루,라일락 퍼플,버건디 레드,선라이즈 골드,미드나잇 블랙구성 : 휴대폰통신사 : SKT/KT/LGU+3사 유심변경가능 (사용하던 유심 바로 꽂아 사용가능)25%약정할인가능 ••••••••••••상품 등급 안내••••••••••••SS급: 사용감이 거의 없는 새폰 같은 상품! S급: 전체적으로 아주 깨끗한 상품! A급: 외관 사용감 다소 있지만 가장 많이 선호하는 등급!!B급: 외관 사용감 많고 강한 잔상이 있는 상품, 가성비짱!C급: 기능이상은 없으나 액정/LCD 파손이 있는 상품 배달/업무/게임폰 추천!!••••••••••••필독사항••••••••••••* 전문 엔지니어팀이 외관&기능 정밀 검수 후 출고!* 문의하실 때 상품번호를 알려주시면 신속한 상담 가능!* 구매일로부터 7일 이내 기능 이상이 발생 시 교환 또는 환불 가능(고객 과실에 의한 부분 제외)* 단순변심으로 인한 교환/환불 불가합니다!* 분실/도난 핸드폰은 판매하지 않습니다!* 사용하시던 중고폰 최고가로 매입해드립니다!••••••••••••연락 방법••••••••••••채팅 또는 전화/문자 상담 가능합니다!전화번호 : 01o 9976 4926궁금하신 사항이 있으시면 언제든지 연락주세요!"
갤럭시S22 256기가 핑크 A-급 판매합니다)부산중고폰 0496,"590,000",1시간 전,"★★제품설명  보시는 기종은 SK/LG/KT 3사 모두 유심만꽂아서 사용 바로가능한 제품입니다★★【중고폰은 쓰시던 유심칩만 끼우시면 바로사용 가능합니다】 ★★제품설명  (보시는 기종은 SK/LG/KT 3사 모두 유심만꽂아서 사용 바로가능한 제품입니다)★★ 기 종 : 갤럭시S22★★ 용 량 : 256G★★ 색 상 : 핑크★★ 최초통신사 : KT  ★★ 등급 : ★ A- 급 입니다 (사진참고).★★★ 단말기 상태 : ★액정생활기스 테두리찍힘 있습니다  (사진참고)★★★구성품 : 휴대폰단품입니다★★ 가격 : 590,000★★ 전체기능 : 모든기능정상작동(철저한 기능검수 완료!!)★ SS급 : 신품과같은상태(기스X찍힘X)★  S급: 약한생활기스만있는상태입니다★  A급: 약간의찍힘 생활기스 있는상태입니다★  B급: 잔상,멍, 심한찍힘 액정칼기스등의상태입니다.★ 번호 : 0  1  0 - 7  9  2  0 - 9  8  0  1 ※필독해주세요※※구입 후 단순변심으로 인한 교환 및 환불은 불가합니다.  (단, 기능상 이상이 있을 경우 7일이내 교환 및 환불 해드립니다.)※모든 상품은 입고시 1차검수 출고시 2차검수 후 에 나갑니다※당사는 중고폰 도,소매 전문으로 재고가 없을 시 가장 빠른 수급이   가능합니다. 찾으시는 기종이 없으실 경우 편하게 문의해주세요.※근거리는 가능한 매장으로 오셔서 직접 기기를 확인하시고     구입하시는 것을 추천드립니다.※ 분실/도난/침수폰은 절대 판매 및 취급 하지 않습니다.※ 물건 받으시고 내용과 틀릴 경우 무조건 반품 받습니다.▶▶수령방법◀◀◈택배거래 : 16:30분 이전 입금 시 당일 발송◈ 배송은 다음날 받아보실 수 있도록 최대한 빨리 배송해드리겠습니다.◈ 퀵 서비스 가능.◈  부산 범일역 2번출구 부근"
아이폰12  128GB  [화이트]  59426  (S급),"710,000",3일 전,"no.59426○등급 : S급○용량 : 128GB○색상 : 화이트○리퍼기간 : 22.10.30○배터리효율 : 99%°°°°°°°°°°°°°°°°°°°°°°°°°°°°°°°°°°°°°°°°°°°°°°°°°°°°°°°°°°°°°°°°°°°°°°°°●제품설명●디자인 심플하고 색감도 예쁘게 출시됐어요외관 약간의 사용감 있는 ""S급""이예요게시해놓은 사진이 실물상태 그대로이니 확인해주세요~성능 속도 아주 빠르고 좋아요!SKT / KT / LGU+ 3사유심 전부 사용 가능해요알뜰유심 선불유심 전부 사용 가능하고,25% 선택약정 요금할인 가능합니다 !°°°°°°°°°°°°°°°°°°°°°°°°°°°°°°°°°°°°°°°°°°°°°°°°°°°°°°°°°°°°°°°°°°°°°°°°●제품실사만 촬영후 업로드●모든 제품 입고후 세척후 보관●믿을수 있는 오프라인 매장 운영 전문 상점●상담시간 오전10시~새벽3시°°°°°°°°°°°°°°°°°°°°°°°°°°°°°°°°°°°°°°°°°°°°°°°°°°°°°°°°°°°°°°°°°°°°°°°°■인증 포토 후기 작성시 사은품 증정■[필름,케이스,그립톡,유심핀,벌크충전기]■직거래 홍대입구역 2번출구 매장■택배가능 지방 버스퀵 가능●●싱싱폰의 다른 상품 둘러보기●●https://m.bunjang.co.kr/shop/11318336/products"
갤럭시 a10  상태 좋고 액정 깨끗 잔상 없음 특가9만,"90,000",1시간 전,서울대입구역 직거래우선입니다. 기타 지역 택배 거래 입니다. ***-****-****  체인점입니다. 믿고 거래 하셔도 됩니다. 네이버에서 서울대입구 에코폰  검색하시면 저희 매장 나옵니다. 많은 문의 부탁드립니다.
"갤럭시노트10+플러스 512GB 1665,1684","265,000",1시간 전,"기기명 / 용량 / 색상 : 갤럭시노트10+플러스 512GB 글로우통신사: KT 최초통화일 : 둘다 2019.08제품상태 : 공기계, 선택약정 가능제품설명 : 액정과 뒷면 파손없습니다.미세한 잔상있고 화면에 미세한점 있으나 사용시 지장 없으며검은 점은 시간이 지나도 크기변화 없습니다.모든 기능 테스트를 마쳤으며  정상작동 합니다.LTE 요금제 사용하시면 그대로 쓸 수 있고,타통신사 및 알뜰유심 장착하면 사용 할 수 있습니다.☆상품문의 O1O-8061-8026◎모든 제품은 구매시 소독하여 발송합니다◎거래방식직거래:인천 주안역택배거래:평일 16:00이전 입금확인시 당일발송"
노트9 상태 좋아요 24만원 특가,"240,000",1시간 전,서울대입구역 직거래우선입니다. 기타 지역 택배 거래 입니다. ***-****-****  체인점입니다. 믿고 거래 하셔도 됩니다. 네이버에서 서울대입구 에코폰  검색하시면 저희 매장 나옵니다. 많은 문의 부탁드립니다.
갤럭시A32 화이트 미사용 단순개봉(정상해지),"285,000",1시간 전, *(케이스.필름) 새것같이드려요.  *(확정기변가능-25%요금할인가능)  *KT.SKT.LGT.알뜰폰.모든통신사용가능.  *출고상태그대로(초기필름)모두붙어있음.  *박스만(단순개봉)했고.구성품도비닐포장그대로모두미사용.  *대전직거래가능(oIo/8436/7I37)타지역택배거래. 
#한정판매# 갤럭시S10 5g 블랙 256GB 중고폰 공기계[66723],"265,000",3일 전,"✔구매 전 10000 개가 넘는 실제 구매후기를 확인해주세요. ✔번개장터 최초 무상 제품 보증 100일 보장해드립니다.✔매달 진행하는 이벤트를 꼭 확인해주세요. ★ 번개장터 구매고객 특별이벤트 ★🔴구입후 중고폰 100일 제품 보증🔴최고급 사은품 무료 증정🔴구매 전 실제 구매후기를 확인해주세요(번개장터 고객만족도 1위!)🔴출고전 전문엔지니어가 중고폰의 10개 주요항목 정밀 검수후 출고!🔴코로나 시대 소독 세척 실시!           💟한정 후기 이벤트💟💟최고급 10종 사은품 증정  이벤트   💟                  [최고급케이스+최고급유리필름+충전기+유심핀+그립톡+무선충전패드+카드수납포켓+키링+제품 보증100일+무료배송)]♨대량구매 문의 대환영♨용량: 256GB색상: 블랙제품등급 : A급최초통화일 : 사진참고 상태: 사진 그대로 판매중입니다! ⚠️통신사 : SKT/KT/LGU+3사 유심변경가능 / 알뜰폰 유심 사용가능!(사용하던 유심 바로 꽂아 사용가능)🔻 거래방법 🔻⚡ 택배거래  가능  ⚡⚡ 퀵 서비스 가능  ⚡⚡ 직거래      가능  ⚡📦 택배거래 📦당사는 로젠택배를 통하여매일 PM 19:00 배송 나갑니다 18:00 시전으로 구매확정 하시면 당일배송출발택배비 지원해드립니다📦번개페이📦번개장터 번개페이 결제시※ 반드시 판매자 사전 협의 이후 결제 부탁 드립니다 ※📞 직거래 📞직거래위치는 강남구청역 입니다 매장방문은 2번출구 바로 뒷편 건물 10층지번주소: 강남구 논현동 241-7 10층(방문전??)★ 직거래 구매시 매장 방문 시간은 ★  평일:오전 11:00시부터~오후7시30분 💟💟13:00~14:30 점심시간입니다. [해당시간만 피해주세요!]💟💟                  ⚠️ 필독사항 ⚠️✔️ 상담주실때 캡쳐/사진 주시면 빠른상담가능✔️ 기능상 문제가 아닌, 단순변심으로는       교환&환불 절대 불가합니다.✔️ 정품만을 취급하며 정품아닐시 100% 환불 해드립니다✔️ 무상 A/S는 액정파손/배터리/침수/본인과실은 불가합니다     ✔️ 분실/도난은 절대 판매 및 취급 하지 않습니다★ ★ ★ ★ 사용하시던 중고핸드폰 번개장터 최고가격으로 매입해드립니다 ★ ★ ★ ★"
s10 5g 미세 흑점 하나 나머지 깨끗 특가19만,"190,000",1시간 전,서울대입구역 직거래우선입니다. 기타 지역 택배 거래 입니다. ***-****-****  체인점입니다. 믿고 거래 하셔도 됩니다. 네이버에서 서울대입구 에코폰  검색하시면 저희 매장 나옵니다. 많은 문의 부탁드립니다.
아이폰12미니 미개봉 풀박스,"200,000",1시간 전,아이폰12미니 풀박스 미개봉!!자급제(공기계) X새개통폰 O(기존 쓰시는 번호 그대로 사용 가능)빠른 상담후 쿨거래시 네고가능!!조건.LG사용자 또는 LG로 변경예정자(변경도와드려요!)번호이동 또는 기기변경조건!!(몇개월간 비싼 요금제 사용하는 조건 X)64기가 20만원128기가 27만원
노트10  잔상 깨짐 없음 상태 괜찮아요 대당 23만,"230,000",1시간 전,서울대입구역 직거래우선입니다. 기타 지역 택배 거래 입니다. ***-****-****  체인점입니다. 믿고 거래 하셔도 됩니다. 네이버에서 서울대입구 에코폰  검색하시면 저희 매장 나옵니다. 많은 문의 부탁드립니다.
아이폰 7 128기가 11만원 판매,"110,000",1시간 전,네고 문의 답장 안합니다. 내용 필히 확인해주시고나서 연락주세요.번개톡 확인 못하는 경우 많습니다.연락처 : O1O 5049 팔878-. 상품번호 : 40954-. 모델 및 저장 공간 :  7  12GB-. 색상 : 로즈핑크-. 배터리 효율 : 88%-. 25% 선택약정 가능-. SK / KT / U+ 3사 호환가능-. 액정은 깨끗하나 외관 사용 흔적있음-. 일반필름+케이스 = 5천 추가 가능-. 우레탄필름+케이스 = 8천 추가 가능저가마진으로 제공이 힘듭니다. 양해바랍니다. -. 구입 후 7일 이내 불량시 과실 제외 교환 / 환불 / 수리 가능합니다.-. 분실 / 도난 / 침수 휴대폰은 절대 취급하지 않습니다.-. 가격 : 직거래  11만원 / 택배거래 11만 4천원입니다.  -. 거래방식 : 직거래 or 택배거래       직거래 및 자차이용시 서울시 광진구 테크노마트 6층 A-64호   방문전 미리 연락처로 연락후 방문 바랍니다.    안전거래 시 수수료 .택배비는 구매자부담입니다.    8시 이후 하남 / 미아 직거래 가능
(준S급) 갤럭시J7 32GB 외관S급 깨끗한 골드,"59,000",3일 전,"안녕하세요^^ 어서오세요.~번개장터 신용도 최상위 1%이내 Best 모범상점 입니다.^^*■ 후기확인 필수..!!🌷퍼펙트 별5개 모범상점 ☆ 100% 실물/실사진 판매 입니다.^^ 💯☆ 사진과 다르면 100% 환불 보장 합니다.^^☆ 철저한 검수와 등급 판정된~☆ 정상해지된 시중 최상급폰으로~ 🆗️☆ 통신3사 상관 없이 즉시 사용 됩니다.^^☆ 선택약정 할인, 알뜰폰도 가능합니다.^^☆ 도난,분실,기능이상 폰은 절대 판매하지 않습니다.🚫[더보기 하시면 자세한 상품설명 있습니다]ㅡㅡㅡㅡㅡㅡㅡㅡㅡㅡㅡㅡㅡㅡㅡㅡㅡ🚿모든 상품은 100% 소독완료 되었습니다.■ 상품설명🏅상품명 :  갤럭시J7 (신형유심 사용)*5핀 충전기 사용구성품: 기기단품+케이스메모리 :  32GB 색     상 :  골드최초개통사: KT   2018.01.23개통등     급 : 준S 급 (사진 참조)상     태 : 기능상태 최상,외관S급☆ 우체국택배 (당일 즉시 발송)■ 세부설명 🐬1.화면기스 없고 외관S급의 깨끗하고 사용하기 좋은 폰입니다.^^  (사진참조)2.약한 잔상 있으나 불편하지 않고 사용하기 좋은 폰입니다.^^ (사진참조)3.모든 기능,작동 상태 좋습니다.^^**전화 잘되고 상태 아주 좋습니다.~^^**유튜브,게임폰등도 추천드립니다.🎯~~적극 추천 상품~~🏅🏅🏅🏅---------------------------■ 신용도 상위 1%내 상점 정직한 상점 ""폰007"" 전문상점은 최상급폰을 중심으로 100% 실물, 실사진으로 정직하게 판매합니다.^^♡ 24시간 상담전화 가능합니다. ♡■ 택배거래 안내* 무료배송표시 상품은 배송비 없습니다.   - 번개택배(CJ택배)로 당일발송* 배송비별도 상품 (안전포장&택배비)   -  번개택배 :  3,500원     - 우체국발송 (요청시) : 5,000원 ※ [안전결재/번개페이(카드,이체) 가능]* 배송비 무료 상품은 선불택배로 발송* 배송비 별도 상품은 (아래선택)1. 배송비 따로 입금 요청 (번개톡으로)2. 배송비 포함가격으로 수정 요청 ( ""  )3. 미선택시 후불택배로 발송됩니다.※ [안심택배 배송]1.당일 발송원칙, 전국 최단기 신속 배송 2.제품 파손방지를 위한 안전포장3.제품 포장직전 촬영 사진 송부4.발송후 송장 입력 (발송당일 저녁6시)※ [배송기간 안내]1.번개택배(번개장터제휴 편의점택배): 발송일기준 수도권1~2일, 그외 2일2.우체국택배: 발송일기준 전국 1일 배송 (제주 2~3일)* 단,택배사 사정으로 간혹 지연될수도 있습니다.■ 직거래 안내1. 오시는곳 : 운정신도시 (운정3동) 2. 직배송(유료) :  파주시, 고양시, 김포시 일부지역 *직배송 서비스(직접배송,유료):  인근지역은 요청시 직배송 해드립니다.- 운정신도시 1만원- 일산신도시,교하,금촌 지역 : 1만5천원-기타 지역 :  거리비례 협의 *퀵배송 서비스: 오토바이 퀵기사 배송 가능 합니다. (기기값 선결재, 퀵배송비는 착불실비)※ 직배송,퀵배송비는 구매자 부담 입니다.◇ 별매품  안내⚘ - 충전기(케이블포함): 6,000원                                          (2.1 고속)  - 충전케이블만(C형) : 2,000원  (고속)■ 교환/반품 🐳제품 수령하시면 바로 점검 하시고 기기 이상이 있을 경우 3일내 연락 주시면 수리,교환 또는 환불 원하시는데로 100% 책임 집니다. ^^*  단, 사용중 충격.파손.침수등 사용자 과실은 책임지지 않으며 단순 변심은 교환이나 환불되지 않으니 구매전에 사진과 설명 꼼꼼히 보시고 구매해 주시기 바랍니다.^^후기 확인!!.. 번개장터 최상위(신용도 상위 1%내) 모범상점 입니다. 안심하고 구매하세요.~♡감사합니다.^^*사랑합니다.~♡"
LG V50s 듀얼스크린 판매합니다,"70,000",1시간 전,"- 모델명 : V50s듀얼스크린- 용량(기가수) : - 색상 : 블랙#거래방식 : 직거래/택배거래/퀵거래#직거래가능지역 : 서울강서,양천구/부천전지역/인천계양,부평●중고 휴대폰 특성상 미세한 실기스는 있을수 있습니다 새폰같은 중고폰이지 새폰 아닙니다●구성품은 기기단품 입니다●택배거래는 CJ대한통운과 우체국택배로 오후5시30까지 입금해주시면 당일 수거전 발송되어 제주도외 전국 어디든지 다음날 수령 가능하십니다~"
13미니128기가 깨끗 하자 없음 쿨거래만,"780,000",1시간 전,서울대입구역 직거래우선입니다. 기타 지역 택배 거래 입니다. ***-****-****  체인점입니다. 믿고 거래 하셔도 됩니다. 네이버에서 서울대입구 에코폰  검색하시면 저희 매장 나옵니다. 많은 문의 부탁드립니다.
갤럭시 버디 A22 상태 좋고 잔상 없이 깨끗 특가 16만원,"160,000",1시간 전,서울대입구역 직거래우선입니다. 기타 지역 택배 거래 입니다. ***-****-****  체인점입니다. 믿고 거래 하셔도 됩니다. 네이버에서 서울대입구 에코폰  검색하시면 저희 매장 나옵니다. 많은 문의 부탁드립니다.
중고폰 매입 / 새폰 / 파손 / 침수 / 기능이상 폰 매입,"2,000",1시간 전,중고폰 고가 매입합니다.***-****-****A급 / A- / B+ / B- / C / 액파 / LCD파손 전원불량 다 매입 가능합니다.* 분실 및 습득한폰은 절대 매입하지 않습니다 *편하게 전화주거나 번톡주시면 친적절하게 상담해드리겠습니다.침수 및 파손 고장난 전화도 가능합니다.
#한정판매#아이폰6 골드 16g 중고폰공기계[58152],"115,000",3일 전,"★ 번개장터 구매고객 특별이벤트 ★1,구입후 중고폰 100일 제품 보증 실시 안심하고 구매 하세요. 2,최고급 사은품 8종 무료 증정3,구매 전 실제 구매후기를 확인해주세요(번개장터 고객만족도 1위!)4,출고전 전문엔지니어가 중고폰의 10개 주요항목 정밀 검수후 출고!5,코로나 시대 소독 세척 실시!           ★ 최고급 사은품  ★(최고급케이스+최고급유리필름+유심핀+핸드폰충전기+그립톡+제품 보증+무료배송) ♨대량구매 문의 대환영♨[제품정보]용량:16G색상: 골드제품등급: S급배터리 효율: 위 사진상태: 상세사진 참고⚠️통신사 : SKT/KT/LGU+3사 유심변경가능(사용하던 유심 바로 꽂아 사용가능)⚠️확정기변/25%약정할인가능(알뜰유심,선불유심 전부사용가능) 문의주세용!!🔻 거래방법 🔻⚡ 택배거래  가능  ⚡⚡ 퀵 서비스 가능  ⚡⚡ 직거래      가능  ⚡💙모든거래 선 결재 후 배송입니당! 유의해주세용💙📦 택배거래 📦당사는 로젠택배를 통하여매일 PM 19:00 배송 나갑니다 18:00 시전으로 구매확정 하시면 당일배송출발택배비 지원해드립니다~📦번개페이📦번개장터 번개페이 결제시※반드시 판매자 사전 협의이후 결제 부탁 드립니다※📞 직거래 📞직거래위치는 강남구청역 입니다 매장방문은 2번출구 바로 뒷편 건물 10층지번주소: 강남구 논현동 241-7 10층(방문전??)★ 직거래 구매시 매장 방문 시간은 ★     평일:오전 11:00시부터~오후7시 30분     주말:오후 13:00시부터~오후6시 30분💟💟13:00~14:00 점심시간입니다. [해당시간만 피해주세요!]💟💟                 ⚠️ 필독사항 ⚠️✔️ 상담주실때 캡쳐/사진 주시면 빠른상담가능✔️ 기능상 문제가 아닌, 단순변심으로는w       교환&환불 절대 불가합니다.✔️ 정품만을 취급하며 정품아닐시 100% 환불 해드립니다✔️ 무상 A/S는 액정파손/배터리/침수/본인과실은 불가합니다     ✔️ 분실/도난은 절대 판매 및 취급 하지 않습니다★ ★ ★ ★ 사용하시던 중고핸드폰 번개장터 최고가격으로 매입해드립니다 ★ ★ ★ ★"
갤럭시 a32 두대 상태 다좋아요 잔상 없고 대당 16만원 떨이요,"160,000",1시간 전,서울대입구역 직거래우선입니다. 기타 지역 택배 거래 입니다. ***-****-****  체인점입니다. 믿고 거래 하셔도 됩니다. 네이버에서 서울대입구 에코폰  검색하시면 저희 매장 나옵니다. 많은 문의 부탁드립니다.
갤럭시노트10+플러스 256GB 4165,"245,000",7분 전,"기기명 / 용량 / 색상 : 갤럭시노트10+플러스 256GB 글로우통신사: KT 최초통화일 : 2019.08제품상태 : 공기계, 선택약정 가능제품설명 : 액정과 뒷면 파손없습니다. 미세한 잔상 있고 사진에 있듯이 작은화소불량이 있으나 사용시 지장 없으며 시간이 지나도 크기변화 없습니다.모든 기능 테스트를 마쳤으며  정상작동 합니다.LTE 요금제 사용하시면 그대로 쓸 수 있고,타통신사 및 알뜰유심 장착하면 사용 할 수 있습니다.☆상품문의 O1O-8061-8026◎모든 제품은 구매시 소독하여 발송합니다◎거래방식직거래:인천 주안역택배거래:평일 16:00이전 입금확인시 당일발송"
르면 100% 환불 보장 합니다.^^☆ 철저한 검수와 등급 판정된~☆ 정상해지된 시중 최상급폰으로~ 🆗️☆ 통신3사 상관 없이 즉시 사용 됩니다.^^☆ 선택약정 할인, 알뜰폰도 가능합니다.^^☆ 도난,분실,기능이상 폰은 절대 판매하지 않습니다.🚫[더보기 하시면 자세한 상품설명 있습니다]ㅡㅡㅡㅡㅡㅡㅡㅡㅡㅡㅡㅡㅡㅡㅡㅡㅡ🚿모든 상품은 100% 소독완료 되었습니다.■ 상품설명 🏅상품명 :  갤럭시노트10 5G구성품 :기기본체 +서비스(필름+케이스)메모리 :   256GB 색     상 :  핑크최초통신사 : SK  2019.08.29 개통 등     급 :  준S 급 상     태 :  기능.화질 최상/무잔상/깨끗한폰☆무료배송 : 우체국택배 (당일 즉시 발송)■ 세부설명1.성능.화질상태 최상이고 상단테두리 찍힘만 하나 있는 외관도 아주 깨끗하고 좋은 폰입니다.^^  (사진참조)*사진상 테두리 흰줄,흰점 등은 빛 반사 이며, 상품은 실물이고 설명 그대로 최상의 상태 입니다.^^2.☆잔상 없고 화질상태 최상 입니다.^^ (사진참조)3.모든 기능,작동상태도 이상 없고 최상 입니다.^^4.배터리 상태도 좋습니다.^^🎯~~강력 추천 상품~~🏅🏅🏅🏅🏅---------------------------■ 100% 실물, 실사진 판매*실물은 사진보다 훨씬 좋습니다.♡ 상담전화 : ***-****-****■ 택배거래 안내* 무료배송표시 상품은 배송비 없습니다.   - 번개택배(CJ택배)로 당일발송* 배송비별도 상품 (안전포장&택배비)   -  번개택배 :  3,500원     - 우체국발송 (요청시) : 5,000원 ※ [안전결재/번개페이(카드,이체) 가능]* 배송비무료 상품은 선불택배로 발송* 배송비별도 상품은 (아래선택)1. 배송비 따로 입금 요청 (번개톡)2. 배송비 포함가격으로 수정 요청 ( ""  )3. 미선택시 후불택배로 발송됩니다.※ [안심택배 배송]1.당일 발송원칙, 전국 최단기 신속 배송 2.제품 파손방지를 위한 안전포장3.제품 포장직전 촬영 사진 송부4.발송후 송장 입력 (발송당일 저녁6시)※ [배송기간 안내]1.번개택배(번개장터제휴 편의점택배): 발송일기준 수도권1~2일, 그외 2일2.우체국택배: 발송일기준 전국 1일 배송 (제주 2~3일)* 단,택배사 사정으로 간혹 지연될수도 있습니다.■ 직거래 안내1. 오시는곳 : 운정신도시 (운정3동)2. 직배송(유료) :  파주시, 고양시, 김포시 일부지역 *직배송 서비스(직접배송,유료):  인근지역은 요청시 직배송 해드립니다.- 운정신도시 1만원- 일산신도시,교하,금촌 지역 : 1만5천원-기타 지역 :  거리비례 협의*퀵배송 서비스: 오토바이 퀵기사 배송 가능. (기기값 선결재, 퀵배송비는 착불실비)※ 직배송,퀵배송비는 구매자 부담 입니다.◇ 별매품  안내⚘  - 충전기(분리형) : 6,000원 (2.1 고속)                  (일체형) : 5,000원 (2.1 고속)  - 충전케이블만(C형) : 2,000원  (고속)■ 교환/반품 🐳폰 수령하시면 바로 점검 하시고 기기 이상이 있을 경우 연락 주시면 수리,교환 또는 환불 원하시는데로 100% 책임 집니다. ^^*  단, 단순 변심은 교환이나 환불되지  않으니 구매전에 사진과 설명 꼼꼼히 보시고 선택해 주시기 바랍니다.^^후기 확인!!.. 번개장터 최상위(신용도 상위 1%내) 모범상점 입니다. 안심하고 구매하세요.~♡감사합니다.^^*사랑합니다.~♡"
아이폰13미니 김성옥고객님,"450,000",1시간 전,김성옥고객님 결제창입니다.
갤럭시 와이드4 상태 좋고 잔상 없어요 특가10만,"100,000",1시간 전,서울대입구역 직거래우선입니다. 기타 지역 택배 거래 입니다. ***-****-****  체인점입니다. 믿고 거래 하셔도 됩니다. 네이버에서 서울대입구 에코폰  검색하시면 저희 매장 나옵니다. 많은 문의 부탁드립니다.
당일발송 사은품8종 갤럭시s9플러스 중고폰 등급별 최저가 판매 !,"149,000",1시간 전,"안녕하세요 WING MOBILE입니다!오프라인 중고폰 전문 업체 운영중 믿고 거래하세요!한국어 상담/中文谘询/ENG OK!!전문 엔지니어팀이 외관&기능 정밀 검수 후 출고!••••••••••••구매 후기 이벤트 진행중••••••••••••구매 후기 작성시 사은품 8종 무료 증정!젤리케이스+보호필름+충전기+유심핀세트+그립톡+마스크+세정티슈+무료배송(한정수량으로 제공되며 조기 소진될 수 있습니다. 이벤트에 참여시 문의해주세요!) ••••••••••••거래 방법••••••••••••직거래: 동대문역사문화공원역 5번출구 도보 3분입니다!!주소: 서울 중구 마른내로 155 광희동금호트윈오피스텔 2동 901호 (방문전 연락주세요!) 평일: 오후 1시 ~ 오후 9시(주말/공휴일은 휴무입니다!)택배거래: 택배사: 로젠택배 평일 오후 4시 이전 주문시 당일 발송 가능 퀵거래: 접수 가능, 퀵요금 고객 부담!••••••••••••갤럭시 s9플러스••••••••••••SS급 :  229,000원 S급 :  199,000원 A급 : 179,000원 B급 : 149,000원••••••••••••상품 상세 정보••••••••••••상품명: 갤럭시 s9플러스용량: 64GB색상: 코랄 블루,라일락 퍼플,버건디 레드,선라이즈 골드,미드나잇 블랙구성 : 휴대폰통신사 : SKT/KT/LGU+3사 유심변경가능 (사용하던 유심 바로 꽂아 사용가능)25%약정할인가능 ••••••••••••상품 등급 안내••••••••••••SS급: 사용감이 거의 없는 새폰 같은 상품! S급: 전체적으로 아주 깨끗한 상품! A급: 외관 사용감 다소 있지만 가장 많이 선호하는 등급!!B급: 외관 사용감 많고 강한 잔상이 있는 상품, 가성비짱!C급: 기능이상은 없으나 액정/LCD 파손이 있는 상품 배달/업무/게임폰 추천!!••••••••••••필독사항••••••••••••* 전문 엔지니어팀이 외관&기능 정밀 검수 후 출고!* 문의하실 때 상품번호를 알려주시면 신속한 상담 가능!* 구매일로부터 7일 이내 기능 이상이 발생 시 교환 또는 환불 가능(고객 과실에 의한 부분 제외)* 단순변심으로 인한 교환/환불 불가합니다!* 분실/도난 핸드폰은 판매하지 않습니다!* 사용하시던 중고폰 최고가로 매입해드립니다!••••••••••••연락 방법••••••••••••채팅 또는 전화/문자 상담 가능합니다!전화번호 : 01o 9976 4926궁금하신 사항이 있으시면 언제든지 연락주세요!"
갤럭시S22 256기가 핑크 A-급 판매합니다)부산중고폰 0496,"590,000",1시간 전,"★★제품설명  보시는 기종은 SK/LG/KT 3사 모두 유심만꽂아서 사용 바로가능한 제품입니다★★【중고폰은 쓰시던 유심칩만 끼우시면 바로사용 가능합니다】 ★★제품설명  (보시는 기종은 SK/LG/KT 3사 모두 유심만꽂아서 사용 바로가능한 제품입니다)★★ 기 종 : 갤럭시S22★★ 용 량 : 256G★★ 색 상 : 핑크★★ 최초통신사 : KT  ★★ 등급 : ★ A- 급 입니다 (사진참고).★★★ 단말기 상태 : ★액정생활기스 테두리찍힘 있습니다  (사진참고)★★★구성품 : 휴대폰단품입니다★★ 가격 : 590,000★★ 전체기능 : 모든기능정상작동(철저한 기능검수 완료!!)★ SS급 : 신품과같은상태(기스X찍힘X)★  S급: 약한생활기스만있는상태입니다★  A급: 약간의찍힘 생활기스 있는상태입니다★  B급: 잔상,멍, 심한찍힘 액정칼기스등의상태입니다.★ 번호 : 0  1  0 - 7  9  2  0 - 9  8  0  1 ※필독해주세요※※구입 후 단순변심으로 인한 교환 및 환불은 불가합니다.  (단, 기능상 이상이 있을 경우 7일이내 교환 및 환불 해드립니다.)※모든 상품은 입고시 1차검수 출고시 2차검수 후 에 나갑니다※당사는 중고폰 도,소매 전문으로 재고가 없을 시 가장 빠른 수급이   가능합니다. 찾으시는 기종이 없으실 경우 편하게 문의해주세요.※근거리는 가능한 매장으로 오셔서 직접 기기를 확인하시고     구입하시는 것을 추천드립니다.※ 분실/도난/침수폰은 절대 판매 및 취급 하지 않습니다.※ 물건 받으시고 내용과 틀릴 경우 무조건 반품 받습니다.▶▶수령방법◀◀◈택배거래 : 16:30분 이전 입금 시 당일 발송◈ 배송은 다음날 받아보실 수 있도록 최대한 빨리 배송해드리겠습니다.◈ 퀵 서비스 가능.◈  부산 범일역 2번출구 부근"
S21Ultra  [팬텀블랙]  53829  (S급),"650,000",2일 전,"no.53829○등급 : S급○용량 : 256GB○색상 : 팬텀블랙○최초통신사 : KT○최초통화일 : 21.01.26°°°°°°°°°°°°°°°°°°°°°°°°°°°°°°°°°°°°°°°°°°°°°°°°°°°°°°°°°°°°°°°°°°°°°°°°●제품설명●갤럭시S21Ultra 모델 이예요기기상태는 사진과 동일해요외관 약간의 사용감정도만 존재하구요전체적으로 깨끗한 ""S급"" 상태예요SKT / KT / LGU+ 상관없이 모든 통신사 사용 가능해요5G, 4G 유심, 알뜰유심,선불유심 전부 사용 가능해요25% 선택약정 요금할인 가능한 기기예요°°°°°°°°°°°°°°°°°°°°°°°°°°°°°°°°°°°°°°°°°°°°°°°°°°°°°°°°°°°°°°°°°°°°°°°°●제품실사만 촬영후 업로드●모든 제품 입고후 세척후 보관●믿을수 있는 오프라인 매장 운영 전문 상점●상담시간 오전10시~새벽3시°°°°°°°°°°°°°°°°°°°°°°°°°°°°°°°°°°°°°°°°°°°°°°°°°°°°°°°°°°°°°°°°°°°°°°°°■인증 포토 후기 작성시 사은품 증정■[필름,케이스,그립톡,유심핀,벌크충전기]■직거래 홍대입구역 2번출구 매장■택배가능 지방 버스퀵 가능●●당근폰의 다른 상품 둘러보기●●http://shop.bunjang.co.kr/dgphone"
갤럭시 a10  상태 좋고 액정 깨끗 잔상 없음 특가9만,"90,000",1시간 전,서울대입구역 직거래우선입니다. 기타 지역 택배 거래 입니다. ***-****-****  체인점입니다. 믿고 거래 하셔도 됩니다. 네이버에서 서울대입구 에코폰  검색하시면 저희 매장 나옵니다. 많은 문의 부탁드립니다.
"갤럭시노트10+플러스 512GB 1665,1684","265,000",1시간 전,"기기명 / 용량 / 색상 : 갤럭시노트10+플러스 512GB 글로우통신사: KT 최초통화일 : 둘다 2019.08제품상태 : 공기계, 선택약정 가능제품설명 : 액정과 뒷면 파손없습니다.미세한 잔상있고 화면에 미세한점 있으나 사용시 지장 없으며검은 점은 시간이 지나도 크기변화 없습니다.모든 기능 테스트를 마쳤으며  정상작동 합니다.LTE 요금제 사용하시면 그대로 쓸 수 있고,타통신사 및 알뜰유심 장착하면 사용 할 수 있습니다.☆상품문의 O1O-8061-8026◎모든 제품은 구매시 소독하여 발송합니다◎거래방식직거래:인천 주안역택배거래:평일 16:00이전 입금확인시 당일발송"
노트9 상태 좋아요 24만원 특가,"240,000",1시간 전,서울대입구역 직거래우선입니다. 기타 지역 택배 거래 입니다. ***-****-****  체인점입니다. 믿고 거래 하셔도 됩니다. 네이버에서 서울대입구 에코폰  검색하시면 저희 매장 나옵니다. 많은 문의 부탁드립니다.
갤럭시A32 화이트 미사용 단순개봉(정상해지),"285,000",1시간 전, *(케이스.필름) 새것같이드려요.  *(확정기변가능-25%요금할인가능)  *KT.SKT.LGT.알뜰폰.모든통신사용가능.  *출고상태그대로(초기필름)모두붙어있음.  *박스만(단순개봉)했고.구성품도비닐포장그대로모두미사용.  *대전직거래가능(oIo/8436/7I37)타지역택배거래. 
